2026-05-15 12:13:12.775 [Test worker] INFO  o.s.d.r.c.RepositoryConfigurationDelegate - Bootstrapping Spring Data JPA repositories in DEFAULT mode.
2026-05-15 12:13:12.945 [Test worker] INFO  o.s.d.r.c.RepositoryConfigurationDelegate - Finished Spring Data repository scanning in 155 ms. Found 3 JPA repository interfaces.
2026-05-15 12:13:15.665 [Test worker] INFO  o.s.o.j.p.SpringPersistenceUnitInfo - No LoadTimeWeaver setup: ignoring JPA class transformer
2026-05-15 12:13:16.715 [Test worker] INFO  o.s.o.j.LocalContainerEntityManagerFactoryBean - Initialized JPA EntityManagerFactory for persistence unit 'default'
2026-05-15 12:13:16.855 [Test worker] INFO  o.s.d.j.r.q.QueryEnhancerFactories - Hibernate is in classpath; If applicable, HQL parser will be used.
2026-05-15 12:13:18.698 [Test worker] WARN  o.s.b.j.a.JpaBaseConfiguration$JpaWebConfiguration - spring.jpa.open-in-view is enabled by default. Therefore, database queries may be performed during view rendering. Explicitly configure spring.jpa.open-in-view to disable this warning
2026-05-15 12:13:19.719 [Test worker] INFO  o.s.b.a.e.web.EndpointLinksResolver - Exposing 1 endpoint beneath base path '/actuator'
2026-05-15 12:13:19.848 [Test worker] INFO  o.s.g.server.NettyGrpcServerFactory - Registered gRPC service: ClientsService
2026-05-15 12:13:19.848 [Test worker] INFO  o.s.g.server.NettyGrpcServerFactory - Registered gRPC service: SecurityService
2026-05-15 12:13:19.849 [Test worker] INFO  o.s.g.server.NettyGrpcServerFactory - Registered gRPC service: WithdrawalRequestService
2026-05-15 12:13:19.849 [Test worker] INFO  o.s.g.server.NettyGrpcServerFactory - Registered gRPC service: grpc.reflection.v1.ServerReflection
2026-05-15 12:13:19.849 [Test worker] INFO  o.s.g.server.NettyGrpcServerFactory - Registered gRPC service: grpc.health.v1.Health
2026-05-15 12:13:20.019 [Test worker] INFO  o.s.g.s.l.GrpcServerLifecycle - gRPC Server started, listening on address: [/[0:0:0:0:0:0:0:0]:9090]
2026-05-15 12:13:20.595 [Test worker] INFO  o.s.t.c.s.AnnotationConfigContextLoaderUtils - Could not detect default configuration classes for test class [tgb.cryptoexchange.apiclients.service.integration.ClientRestControllerIT]: ClientRestControllerIT does not declare any static, non-private, non-final, nested classes annotated with @Configuration.
2026-05-15 12:13:20.615 [Test worker] INFO  o.s.b.t.c.SpringBootTestContextBootstrapper - Found @SpringBootConfiguration tgb.cryptoexchange.apiclients.ApiClientsApplication for test class tgb.cryptoexchange.apiclients.service.integration.ClientRestControllerIT
2026-05-15 12:13:20.616 [Test worker] INFO  o.s.t.c.s.AnnotationConfigContextLoaderUtils - Could not detect default configuration classes for test class [tgb.cryptoexchange.apiclients.service.integration.ClientRestControllerIT]: ClientRestControllerIT does not declare any static, non-private, non-final, nested classes annotated with @Configuration.
2026-05-15 12:13:20.617 [Test worker] INFO  o.s.t.c.s.AnnotationConfigContextLoaderUtils - Could not detect default configuration classes for test class [tgb.cryptoexchange.apiclients.service.integration.BaseIntegrationTest]: BaseIntegrationTest does not declare any static, non-private, non-final, nested classes annotated with @Configuration.
2026-05-15 12:13:20.620 [Test worker] INFO  o.s.b.t.c.SpringBootTestContextBootstrapper - Found @SpringBootConfiguration tgb.cryptoexchange.apiclients.ApiClientsApplication for test class tgb.cryptoexchange.apiclients.service.integration.ClientRestControllerIT
2026-05-15 12:13:20.632 [Test worker] INFO  o.s.g.s.l.GrpcServerLifecycle - Completed gRPC server shutdown
2026-05-15 12:13:20.979 [Test worker] INFO  o.s.d.r.c.RepositoryConfigurationDelegate - Bootstrapping Spring Data JPA repositories in DEFAULT mode.
2026-05-15 12:13:20.999 [Test worker] INFO  o.s.d.r.c.RepositoryConfigurationDelegate - Finished Spring Data repository scanning in 18 ms. Found 3 JPA repository interfaces.
2026-05-15 12:13:21.444 [Test worker] INFO  o.s.o.j.p.SpringPersistenceUnitInfo - No LoadTimeWeaver setup: ignoring JPA class transformer
2026-05-15 12:13:21.558 [Test worker] INFO  o.s.o.j.LocalContainerEntityManagerFactoryBean - Initialized JPA EntityManagerFactory for persistence unit 'default'
2026-05-15 12:13:22.027 [Test worker] WARN  o.s.b.j.a.JpaBaseConfiguration$JpaWebConfiguration - spring.jpa.open-in-view is enabled by default. Therefore, database queries may be performed during view rendering. Explicitly configure spring.jpa.open-in-view to disable this warning
2026-05-15 12:13:22.436 [Test worker] INFO  o.s.b.t.m.w.SpringBootMockServletContext - Initializing Spring TestDispatcherServlet ''
2026-05-15 12:13:22.437 [Test worker] INFO  o.s.t.w.s.TestDispatcherServlet - Initializing Servlet ''
2026-05-15 12:13:22.442 [Test worker] INFO  o.s.b.a.e.web.EndpointLinksResolver - Exposing 1 endpoint beneath base path '/actuator'
2026-05-15 12:13:22.450 [Test worker] INFO  o.s.t.w.s.TestDispatcherServlet - Completed initialization in 13 ms
2026-05-15 12:13:22.471 [Test worker] INFO  o.s.g.server.NettyGrpcServerFactory - Registered gRPC service: ClientsService
2026-05-15 12:13:22.471 [Test worker] INFO  o.s.g.server.NettyGrpcServerFactory - Registered gRPC service: SecurityService
2026-05-15 12:13:22.471 [Test worker] INFO  o.s.g.server.NettyGrpcServerFactory - Registered gRPC service: WithdrawalRequestService
2026-05-15 12:13:22.471 [Test worker] INFO  o.s.g.server.NettyGrpcServerFactory - Registered gRPC service: grpc.reflection.v1.ServerReflection
2026-05-15 12:13:22.471 [Test worker] INFO  o.s.g.server.NettyGrpcServerFactory - Registered gRPC service: grpc.health.v1.Health
2026-05-15 12:13:22.487 [Test worker] INFO  o.s.g.s.l.GrpcServerLifecycle - gRPC Server started, listening on address: [/[0:0:0:0:0:0:0:0]:9090]
2026-05-15 12:13:23.897 [Test worker] INFO  o.s.t.c.s.AnnotationConfigContextLoaderUtils - Could not detect default configuration classes for test class [tgb.cryptoexchange.apiclients.service.integration.ClientsServiceIT]: ClientsServiceIT does not declare any static, non-private, non-final, nested classes annotated with @Configuration.
2026-05-15 12:13:23.899 [Test worker] INFO  o.s.b.t.c.SpringBootTestContextBootstrapper - Found @SpringBootConfiguration tgb.cryptoexchange.apiclients.ApiClientsApplication for test class tgb.cryptoexchange.apiclients.service.integration.ClientsServiceIT
2026-05-15 12:13:23.900 [Test worker] INFO  o.s.t.c.s.AnnotationConfigContextLoaderUtils - Could not detect default configuration classes for test class [tgb.cryptoexchange.apiclients.service.integration.ClientsServiceIT]: ClientsServiceIT does not declare any static, non-private, non-final, nested classes annotated with @Configuration.
2026-05-15 12:13:23.901 [Test worker] INFO  o.s.t.c.s.AnnotationConfigContextLoaderUtils - Could not detect default configuration classes for test class [tgb.cryptoexchange.apiclients.service.integration.BaseIntegrationTest]: BaseIntegrationTest does not declare any static, non-private, non-final, nested classes annotated with @Configuration.
2026-05-15 12:13:23.902 [Test worker] INFO  o.s.b.t.c.SpringBootTestContextBootstrapper - Found @SpringBootConfiguration tgb.cryptoexchange.apiclients.ApiClientsApplication for test class tgb.cryptoexchange.apiclients.service.integration.ClientsServiceIT
2026-05-15 12:13:23.906 [Test worker] INFO  o.s.g.s.l.GrpcServerLifecycle - Completed gRPC server shutdown
2026-05-15 12:13:24.190 [Test worker] INFO  o.s.d.r.c.RepositoryConfigurationDelegate - Bootstrapping Spring Data JPA repositories in DEFAULT mode.
2026-05-15 12:13:24.205 [Test worker] INFO  o.s.d.r.c.RepositoryConfigurationDelegate - Finished Spring Data repository scanning in 13 ms. Found 3 JPA repository interfaces.
2026-05-15 12:13:24.489 [Test worker] INFO  o.s.o.j.p.SpringPersistenceUnitInfo - No LoadTimeWeaver setup: ignoring JPA class transformer
2026-05-15 12:13:24.544 [Test worker] INFO  o.s.o.j.LocalContainerEntityManagerFactoryBean - Initialized JPA EntityManagerFactory for persistence unit 'default'
2026-05-15 12:13:24.811 [Test worker] WARN  o.s.b.j.a.JpaBaseConfiguration$JpaWebConfiguration - spring.jpa.open-in-view is enabled by default. Therefore, database queries may be performed during view rendering. Explicitly configure spring.jpa.open-in-view to disable this warning
2026-05-15 12:13:25.099 [Test worker] INFO  o.s.b.a.e.web.EndpointLinksResolver - Exposing 1 endpoint beneath base path '/actuator'
2026-05-15 12:13:25.113 [Test worker] INFO  o.s.g.server.NettyGrpcServerFactory - Registered gRPC service: ClientsService
2026-05-15 12:13:25.114 [Test worker] INFO  o.s.g.server.NettyGrpcServerFactory - Registered gRPC service: SecurityService
2026-05-15 12:13:25.114 [Test worker] INFO  o.s.g.server.NettyGrpcServerFactory - Registered gRPC service: WithdrawalRequestService
2026-05-15 12:13:25.114 [Test worker] INFO  o.s.g.server.NettyGrpcServerFactory - Registered gRPC service: grpc.reflection.v1.ServerReflection
2026-05-15 12:13:25.114 [Test worker] INFO  o.s.g.server.NettyGrpcServerFactory - Registered gRPC service: grpc.health.v1.Health
2026-05-15 12:13:25.127 [Test worker] INFO  o.s.g.s.l.GrpcServerLifecycle - gRPC Server started, listening on address: [/[0:0:0:0:0:0:0:0]:9090]
2026-05-15 12:13:26.166 [Test worker] INFO  o.s.t.c.s.AnnotationConfigContextLoaderUtils - Could not detect default configuration classes for test class [tgb.cryptoexchange.apiclients.service.integration.SecurityServiceIT]: SecurityServiceIT does not declare any static, non-private, non-final, nested classes annotated with @Configuration.
2026-05-15 12:13:26.167 [Test worker] INFO  o.s.b.t.c.SpringBootTestContextBootstrapper - Found @SpringBootConfiguration tgb.cryptoexchange.apiclients.ApiClientsApplication for test class tgb.cryptoexchange.apiclients.service.integration.SecurityServiceIT
2026-05-15 12:13:26.168 [Test worker] INFO  o.s.t.c.s.AnnotationConfigContextLoaderUtils - Could not detect default configuration classes for test class [tgb.cryptoexchange.apiclients.service.integration.SecurityServiceIT]: SecurityServiceIT does not declare any static, non-private, non-final, nested classes annotated with @Configuration.
2026-05-15 12:13:26.169 [Test worker] INFO  o.s.t.c.s.AnnotationConfigContextLoaderUtils - Could not detect default configuration classes for test class [tgb.cryptoexchange.apiclients.service.integration.BaseIntegrationTest]: BaseIntegrationTest does not declare any static, non-private, non-final, nested classes annotated with @Configuration.
2026-05-15 12:13:26.170 [Test worker] INFO  o.s.b.t.c.SpringBootTestContextBootstrapper - Found @SpringBootConfiguration tgb.cryptoexchange.apiclients.ApiClientsApplication for test class tgb.cryptoexchange.apiclients.service.integration.SecurityServiceIT
2026-05-15 12:13:26.200 [Test worker] INFO  o.s.t.c.s.AnnotationConfigContextLoaderUtils - Could not detect default configuration classes for test class [tgb.cryptoexchange.apiclients.service.integration.WithdrawalIT]: WithdrawalIT does not declare any static, non-private, non-final, nested classes annotated with @Configuration.
2026-05-15 12:13:26.202 [Test worker] INFO  o.s.b.t.c.SpringBootTestContextBootstrapper - Found @SpringBootConfiguration tgb.cryptoexchange.apiclients.ApiClientsApplication for test class tgb.cryptoexchange.apiclients.service.integration.WithdrawalIT
2026-05-15 12:13:26.203 [Test worker] INFO  o.s.t.c.s.AnnotationConfigContextLoaderUtils - Could not detect default configuration classes for test class [tgb.cryptoexchange.apiclients.service.integration.WithdrawalIT]: WithdrawalIT does not declare any static, non-private, non-final, nested classes annotated with @Configuration.
2026-05-15 12:13:26.203 [Test worker] INFO  o.s.t.c.s.AnnotationConfigContextLoaderUtils - Could not detect default configuration classes for test class [tgb.cryptoexchange.apiclients.service.integration.BaseIntegrationTest]: BaseIntegrationTest does not declare any static, non-private, non-final, nested classes annotated with @Configuration.
2026-05-15 12:13:26.204 [Test worker] INFO  o.s.b.t.c.SpringBootTestContextBootstrapper - Found @SpringBootConfiguration tgb.cryptoexchange.apiclients.ApiClientsApplication for test class tgb.cryptoexchange.apiclients.service.integration.WithdrawalIT
2026-05-15 12:13:28.513 [SpringApplicationShutdownHook] INFO  o.s.o.j.LocalContainerEntityManagerFactoryBean - Closing JPA EntityManagerFactory for persistence unit 'default'
2026-05-15 12:13:28.536 [SpringApplicationShutdownHook] INFO  o.s.o.j.LocalContainerEntityManagerFactoryBean - Closing JPA EntityManagerFactory for persistence unit 'default'
2026-05-15 12:13:28.549 [SpringApplicationShutdownHook] INFO  o.s.g.s.l.GrpcServerLifecycle - Completed gRPC server shutdown
2026-05-15 12:13:28.554 [SpringApplicationShutdownHook] INFO  o.s.o.j.LocalContainerEntityManagerFactoryBean - Closing JPA EntityManagerFactory for persistence unit 'default'
2026-05-15 12:15:46.909 [Test worker] INFO  o.s.d.r.c.RepositoryConfigurationDelegate - Bootstrapping Spring Data JPA repositories in DEFAULT mode.
2026-05-15 12:15:47.105 [Test worker] INFO  o.s.d.r.c.RepositoryConfigurationDelegate - Finished Spring Data repository scanning in 183 ms. Found 3 JPA repository interfaces.
2026-05-15 12:15:50.116 [Test worker] INFO  o.s.o.j.p.SpringPersistenceUnitInfo - No LoadTimeWeaver setup: ignoring JPA class transformer
2026-05-15 12:15:51.212 [Test worker] INFO  o.s.o.j.LocalContainerEntityManagerFactoryBean - Initialized JPA EntityManagerFactory for persistence unit 'default'
2026-05-15 12:15:51.389 [Test worker] INFO  o.s.d.j.r.q.QueryEnhancerFactories - Hibernate is in classpath; If applicable, HQL parser will be used.
2026-05-15 12:15:53.279 [Test worker] WARN  o.s.b.j.a.JpaBaseConfiguration$JpaWebConfiguration - spring.jpa.open-in-view is enabled by default. Therefore, database queries may be performed during view rendering. Explicitly configure spring.jpa.open-in-view to disable this warning
2026-05-15 12:15:54.320 [Test worker] INFO  o.s.b.t.m.w.SpringBootMockServletContext - Initializing Spring TestDispatcherServlet ''
2026-05-15 12:15:54.321 [Test worker] INFO  o.s.t.w.s.TestDispatcherServlet - Initializing Servlet ''
2026-05-15 12:15:54.333 [Test worker] INFO  o.s.b.a.e.web.EndpointLinksResolver - Exposing 1 endpoint beneath base path '/actuator'
2026-05-15 12:15:54.348 [Test worker] INFO  o.s.t.w.s.TestDispatcherServlet - Completed initialization in 27 ms
2026-05-15 12:15:54.500 [Test worker] INFO  o.s.g.server.NettyGrpcServerFactory - Registered gRPC service: ClientsService
2026-05-15 12:15:54.500 [Test worker] INFO  o.s.g.server.NettyGrpcServerFactory - Registered gRPC service: SecurityService
2026-05-15 12:15:54.500 [Test worker] INFO  o.s.g.server.NettyGrpcServerFactory - Registered gRPC service: WithdrawalRequestService
2026-05-15 12:15:54.500 [Test worker] INFO  o.s.g.server.NettyGrpcServerFactory - Registered gRPC service: grpc.reflection.v1.ServerReflection
2026-05-15 12:15:54.500 [Test worker] INFO  o.s.g.server.NettyGrpcServerFactory - Registered gRPC service: grpc.health.v1.Health
2026-05-15 12:15:54.670 [Test worker] INFO  o.s.g.s.l.GrpcServerLifecycle - gRPC Server started, listening on address: [/[0:0:0:0:0:0:0:0]:9090]
2026-05-15 12:20:19.819 [SpringApplicationShutdownHook] INFO  o.s.g.s.l.GrpcServerLifecycle - Completed gRPC server shutdown
2026-05-15 12:20:19.829 [SpringApplicationShutdownHook] INFO  o.s.o.j.LocalContainerEntityManagerFactoryBean - Closing JPA EntityManagerFactory for persistence unit 'default'
2026-05-15 12:20:51.704 [Test worker] INFO  o.s.d.r.c.RepositoryConfigurationDelegate - Bootstrapping Spring Data JPA repositories in DEFAULT mode.
2026-05-15 12:20:51.870 [Test worker] INFO  o.s.d.r.c.RepositoryConfigurationDelegate - Finished Spring Data repository scanning in 154 ms. Found 3 JPA repository interfaces.
2026-05-15 12:20:54.718 [Test worker] INFO  o.s.o.j.p.SpringPersistenceUnitInfo - No LoadTimeWeaver setup: ignoring JPA class transformer
2026-05-15 12:20:55.715 [Test worker] INFO  o.s.o.j.LocalContainerEntityManagerFactoryBean - Initialized JPA EntityManagerFactory for persistence unit 'default'
2026-05-15 12:20:55.849 [Test worker] INFO  o.s.d.j.r.q.QueryEnhancerFactories - Hibernate is in classpath; If applicable, HQL parser will be used.
2026-05-15 12:20:57.590 [Test worker] WARN  o.s.b.j.a.JpaBaseConfiguration$JpaWebConfiguration - spring.jpa.open-in-view is enabled by default. Therefore, database queries may be performed during view rendering. Explicitly configure spring.jpa.open-in-view to disable this warning
2026-05-15 12:20:58.581 [Test worker] INFO  o.s.b.t.m.w.SpringBootMockServletContext - Initializing Spring TestDispatcherServlet ''
2026-05-15 12:20:58.581 [Test worker] INFO  o.s.t.w.s.TestDispatcherServlet - Initializing Servlet ''
2026-05-15 12:20:58.589 [Test worker] INFO  o.s.b.a.e.web.EndpointLinksResolver - Exposing 1 endpoint beneath base path '/actuator'
2026-05-15 12:20:58.600 [Test worker] INFO  o.s.t.w.s.TestDispatcherServlet - Completed initialization in 18 ms
2026-05-15 12:20:58.746 [Test worker] INFO  o.s.g.server.NettyGrpcServerFactory - Registered gRPC service: ClientsService
2026-05-15 12:20:58.746 [Test worker] INFO  o.s.g.server.NettyGrpcServerFactory - Registered gRPC service: SecurityService
2026-05-15 12:20:58.746 [Test worker] INFO  o.s.g.server.NettyGrpcServerFactory - Registered gRPC service: WithdrawalRequestService
2026-05-15 12:20:58.746 [Test worker] INFO  o.s.g.server.NettyGrpcServerFactory - Registered gRPC service: grpc.reflection.v1.ServerReflection
2026-05-15 12:20:58.746 [Test worker] INFO  o.s.g.server.NettyGrpcServerFactory - Registered gRPC service: grpc.health.v1.Health
2026-05-15 12:20:58.894 [Test worker] INFO  o.s.g.s.l.GrpcServerLifecycle - gRPC Server started, listening on address: [/[0:0:0:0:0:0:0:0]:9090]
2026-05-15 12:20:59.797 [SpringApplicationShutdownHook] INFO  o.s.g.s.l.GrpcServerLifecycle - Completed gRPC server shutdown
2026-05-15 12:20:59.807 [SpringApplicationShutdownHook] INFO  o.s.o.j.LocalContainerEntityManagerFactoryBean - Closing JPA EntityManagerFactory for persistence unit 'default'
2026-05-15 12:21:30.617 [Test worker] INFO  o.s.d.r.c.RepositoryConfigurationDelegate - Bootstrapping Spring Data JPA repositories in DEFAULT mode.
2026-05-15 12:21:30.795 [Test worker] INFO  o.s.d.r.c.RepositoryConfigurationDelegate - Finished Spring Data repository scanning in 166 ms. Found 3 JPA repository interfaces.
2026-05-15 12:21:33.512 [Test worker] INFO  o.s.o.j.p.SpringPersistenceUnitInfo - No LoadTimeWeaver setup: ignoring JPA class transformer
2026-05-15 12:21:34.492 [Test worker] INFO  o.s.o.j.LocalContainerEntityManagerFactoryBean - Initialized JPA EntityManagerFactory for persistence unit 'default'
2026-05-15 12:21:34.644 [Test worker] INFO  o.s.d.j.r.q.QueryEnhancerFactories - Hibernate is in classpath; If applicable, HQL parser will be used.
2026-05-15 12:21:36.450 [Test worker] WARN  o.s.b.j.a.JpaBaseConfiguration$JpaWebConfiguration - spring.jpa.open-in-view is enabled by default. Therefore, database queries may be performed during view rendering. Explicitly configure spring.jpa.open-in-view to disable this warning
2026-05-15 12:21:37.441 [Test worker] INFO  o.s.b.t.m.w.SpringBootMockServletContext - Initializing Spring TestDispatcherServlet ''
2026-05-15 12:21:37.442 [Test worker] INFO  o.s.t.w.s.TestDispatcherServlet - Initializing Servlet ''
2026-05-15 12:21:37.449 [Test worker] INFO  o.s.b.a.e.web.EndpointLinksResolver - Exposing 1 endpoint beneath base path '/actuator'
2026-05-15 12:21:37.462 [Test worker] INFO  o.s.t.w.s.TestDispatcherServlet - Completed initialization in 20 ms
2026-05-15 12:21:37.596 [Test worker] INFO  o.s.g.server.NettyGrpcServerFactory - Registered gRPC service: ClientsService
2026-05-15 12:21:37.596 [Test worker] INFO  o.s.g.server.NettyGrpcServerFactory - Registered gRPC service: SecurityService
2026-05-15 12:21:37.596 [Test worker] INFO  o.s.g.server.NettyGrpcServerFactory - Registered gRPC service: WithdrawalRequestService
2026-05-15 12:21:37.596 [Test worker] INFO  o.s.g.server.NettyGrpcServerFactory - Registered gRPC service: grpc.reflection.v1.ServerReflection
2026-05-15 12:21:37.596 [Test worker] INFO  o.s.g.server.NettyGrpcServerFactory - Registered gRPC service: grpc.health.v1.Health
2026-05-15 12:21:37.748 [Test worker] INFO  o.s.g.s.l.GrpcServerLifecycle - gRPC Server started, listening on address: [/[0:0:0:0:0:0:0:0]:9090]
2026-05-15 12:21:38.630 [SpringApplicationShutdownHook] INFO  o.s.g.s.l.GrpcServerLifecycle - Completed gRPC server shutdown
2026-05-15 12:21:38.638 [SpringApplicationShutdownHook] INFO  o.s.o.j.LocalContainerEntityManagerFactoryBean - Closing JPA EntityManagerFactory for persistence unit 'default'
2026-05-15 12:22:17.600 [Test worker] INFO  o.s.d.r.c.RepositoryConfigurationDelegate - Bootstrapping Spring Data JPA repositories in DEFAULT mode.
2026-05-15 12:22:17.767 [Test worker] INFO  o.s.d.r.c.RepositoryConfigurationDelegate - Finished Spring Data repository scanning in 154 ms. Found 3 JPA repository interfaces.
2026-05-15 12:22:20.455 [Test worker] INFO  o.s.o.j.p.SpringPersistenceUnitInfo - No LoadTimeWeaver setup: ignoring JPA class transformer
2026-05-15 12:22:21.440 [Test worker] INFO  o.s.o.j.LocalContainerEntityManagerFactoryBean - Initialized JPA EntityManagerFactory for persistence unit 'default'
2026-05-15 12:22:21.573 [Test worker] INFO  o.s.d.j.r.q.QueryEnhancerFactories - Hibernate is in classpath; If applicable, HQL parser will be used.
2026-05-15 12:22:23.355 [Test worker] WARN  o.s.b.j.a.JpaBaseConfiguration$JpaWebConfiguration - spring.jpa.open-in-view is enabled by default. Therefore, database queries may be performed during view rendering. Explicitly configure spring.jpa.open-in-view to disable this warning
2026-05-15 12:22:24.294 [Test worker] INFO  o.s.b.a.e.web.EndpointLinksResolver - Exposing 1 endpoint beneath base path '/actuator'
2026-05-15 12:22:24.430 [Test worker] INFO  o.s.g.server.NettyGrpcServerFactory - Registered gRPC service: ClientsService
2026-05-15 12:22:24.430 [Test worker] INFO  o.s.g.server.NettyGrpcServerFactory - Registered gRPC service: SecurityService
2026-05-15 12:22:24.430 [Test worker] INFO  o.s.g.server.NettyGrpcServerFactory - Registered gRPC service: WithdrawalRequestService
2026-05-15 12:22:24.431 [Test worker] INFO  o.s.g.server.NettyGrpcServerFactory - Registered gRPC service: grpc.reflection.v1.ServerReflection
2026-05-15 12:22:24.431 [Test worker] INFO  o.s.g.server.NettyGrpcServerFactory - Registered gRPC service: grpc.health.v1.Health
2026-05-15 12:22:24.583 [Test worker] INFO  o.s.g.s.l.GrpcServerLifecycle - gRPC Server started, listening on address: [/[0:0:0:0:0:0:0:0]:9090]
2026-05-15 12:22:25.128 [Test worker] INFO  o.s.t.c.s.AnnotationConfigContextLoaderUtils - Could not detect default configuration classes for test class [tgb.cryptoexchange.apiclients.service.integration.ClientRestControllerIT]: ClientRestControllerIT does not declare any static, non-private, non-final, nested classes annotated with @Configuration.
2026-05-15 12:22:25.142 [Test worker] INFO  o.s.b.t.c.SpringBootTestContextBootstrapper - Found @SpringBootConfiguration tgb.cryptoexchange.apiclients.ApiClientsApplication for test class tgb.cryptoexchange.apiclients.service.integration.ClientRestControllerIT
2026-05-15 12:22:25.142 [Test worker] INFO  o.s.t.c.s.AnnotationConfigContextLoaderUtils - Could not detect default configuration classes for test class [tgb.cryptoexchange.apiclients.service.integration.ClientRestControllerIT]: ClientRestControllerIT does not declare any static, non-private, non-final, nested classes annotated with @Configuration.
2026-05-15 12:22:25.143 [Test worker] INFO  o.s.t.c.s.AnnotationConfigContextLoaderUtils - Could not detect default configuration classes for test class [tgb.cryptoexchange.apiclients.service.integration.BaseIntegrationTest]: BaseIntegrationTest does not declare any static, non-private, non-final, nested classes annotated with @Configuration.
2026-05-15 12:22:25.146 [Test worker] INFO  o.s.b.t.c.SpringBootTestContextBootstrapper - Found @SpringBootConfiguration tgb.cryptoexchange.apiclients.ApiClientsApplication for test class tgb.cryptoexchange.apiclients.service.integration.ClientRestControllerIT
2026-05-15 12:22:25.155 [Test worker] INFO  o.s.g.s.l.GrpcServerLifecycle - Completed gRPC server shutdown
2026-05-15 12:22:25.484 [Test worker] INFO  o.s.d.r.c.RepositoryConfigurationDelegate - Bootstrapping Spring Data JPA repositories in DEFAULT mode.
2026-05-15 12:22:25.511 [Test worker] INFO  o.s.d.r.c.RepositoryConfigurationDelegate - Finished Spring Data repository scanning in 18 ms. Found 3 JPA repository interfaces.
2026-05-15 12:22:25.773 [Test worker] INFO  o.s.o.j.p.SpringPersistenceUnitInfo - No LoadTimeWeaver setup: ignoring JPA class transformer
2026-05-15 12:22:25.829 [Test worker] INFO  o.s.o.j.LocalContainerEntityManagerFactoryBean - Initialized JPA EntityManagerFactory for persistence unit 'default'
2026-05-15 12:22:26.059 [Test worker] WARN  o.s.b.j.a.JpaBaseConfiguration$JpaWebConfiguration - spring.jpa.open-in-view is enabled by default. Therefore, database queries may be performed during view rendering. Explicitly configure spring.jpa.open-in-view to disable this warning
2026-05-15 12:22:26.390 [Test worker] INFO  o.s.b.t.m.w.SpringBootMockServletContext - Initializing Spring TestDispatcherServlet ''
2026-05-15 12:22:26.391 [Test worker] INFO  o.s.t.w.s.TestDispatcherServlet - Initializing Servlet ''
2026-05-15 12:22:26.393 [Test worker] INFO  o.s.b.a.e.web.EndpointLinksResolver - Exposing 1 endpoint beneath base path '/actuator'
2026-05-15 12:22:26.399 [Test worker] INFO  o.s.t.w.s.TestDispatcherServlet - Completed initialization in 8 ms
2026-05-15 12:22:26.418 [Test worker] INFO  o.s.g.server.NettyGrpcServerFactory - Registered gRPC service: ClientsService
2026-05-15 12:22:26.418 [Test worker] INFO  o.s.g.server.NettyGrpcServerFactory - Registered gRPC service: SecurityService
2026-05-15 12:22:26.418 [Test worker] INFO  o.s.g.server.NettyGrpcServerFactory - Registered gRPC service: WithdrawalRequestService
2026-05-15 12:22:26.418 [Test worker] INFO  o.s.g.server.NettyGrpcServerFactory - Registered gRPC service: grpc.reflection.v1.ServerReflection
2026-05-15 12:22:26.418 [Test worker] INFO  o.s.g.server.NettyGrpcServerFactory - Registered gRPC service: grpc.health.v1.Health
2026-05-15 12:22:26.432 [Test worker] INFO  o.s.g.s.l.GrpcServerLifecycle - gRPC Server started, listening on address: [/[0:0:0:0:0:0:0:0]:9090]
2026-05-15 12:22:27.781 [Test worker] INFO  o.s.t.c.s.AnnotationConfigContextLoaderUtils - Could not detect default configuration classes for test class [tgb.cryptoexchange.apiclients.service.integration.ClientsServiceIT]: ClientsServiceIT does not declare any static, non-private, non-final, nested classes annotated with @Configuration.
2026-05-15 12:22:27.784 [Test worker] INFO  o.s.b.t.c.SpringBootTestContextBootstrapper - Found @SpringBootConfiguration tgb.cryptoexchange.apiclients.ApiClientsApplication for test class tgb.cryptoexchange.apiclients.service.integration.ClientsServiceIT
2026-05-15 12:22:27.785 [Test worker] INFO  o.s.t.c.s.AnnotationConfigContextLoaderUtils - Could not detect default configuration classes for test class [tgb.cryptoexchange.apiclients.service.integration.ClientsServiceIT]: ClientsServiceIT does not declare any static, non-private, non-final, nested classes annotated with @Configuration.
2026-05-15 12:22:27.785 [Test worker] INFO  o.s.t.c.s.AnnotationConfigContextLoaderUtils - Could not detect default configuration classes for test class [tgb.cryptoexchange.apiclients.service.integration.BaseIntegrationTest]: BaseIntegrationTest does not declare any static, non-private, non-final, nested classes annotated with @Configuration.
2026-05-15 12:22:27.786 [Test worker] INFO  o.s.b.t.c.SpringBootTestContextBootstrapper - Found @SpringBootConfiguration tgb.cryptoexchange.apiclients.ApiClientsApplication for test class tgb.cryptoexchange.apiclients.service.integration.ClientsServiceIT
2026-05-15 12:22:27.789 [Test worker] INFO  o.s.g.s.l.GrpcServerLifecycle - Completed gRPC server shutdown
2026-05-15 12:22:28.065 [Test worker] INFO  o.s.d.r.c.RepositoryConfigurationDelegate - Bootstrapping Spring Data JPA repositories in DEFAULT mode.
2026-05-15 12:22:28.081 [Test worker] INFO  o.s.d.r.c.RepositoryConfigurationDelegate - Finished Spring Data repository scanning in 14 ms. Found 3 JPA repository interfaces.
2026-05-15 12:22:28.287 [Test worker] INFO  o.s.o.j.p.SpringPersistenceUnitInfo - No LoadTimeWeaver setup: ignoring JPA class transformer
2026-05-15 12:22:28.335 [Test worker] INFO  o.s.o.j.LocalContainerEntityManagerFactoryBean - Initialized JPA EntityManagerFactory for persistence unit 'default'
2026-05-15 12:22:28.557 [Test worker] WARN  o.s.b.j.a.JpaBaseConfiguration$JpaWebConfiguration - spring.jpa.open-in-view is enabled by default. Therefore, database queries may be performed during view rendering. Explicitly configure spring.jpa.open-in-view to disable this warning
2026-05-15 12:22:28.851 [Test worker] INFO  o.s.b.a.e.web.EndpointLinksResolver - Exposing 1 endpoint beneath base path '/actuator'
2026-05-15 12:22:28.865 [Test worker] INFO  o.s.g.server.NettyGrpcServerFactory - Registered gRPC service: ClientsService
2026-05-15 12:22:28.865 [Test worker] INFO  o.s.g.server.NettyGrpcServerFactory - Registered gRPC service: SecurityService
2026-05-15 12:22:28.865 [Test worker] INFO  o.s.g.server.NettyGrpcServerFactory - Registered gRPC service: WithdrawalRequestService
2026-05-15 12:22:28.865 [Test worker] INFO  o.s.g.server.NettyGrpcServerFactory - Registered gRPC service: grpc.reflection.v1.ServerReflection
2026-05-15 12:22:28.865 [Test worker] INFO  o.s.g.server.NettyGrpcServerFactory - Registered gRPC service: grpc.health.v1.Health
2026-05-15 12:22:28.878 [Test worker] INFO  o.s.g.s.l.GrpcServerLifecycle - gRPC Server started, listening on address: [/[0:0:0:0:0:0:0:0]:9090]
2026-05-15 12:22:29.880 [Test worker] INFO  o.s.t.c.s.AnnotationConfigContextLoaderUtils - Could not detect default configuration classes for test class [tgb.cryptoexchange.apiclients.service.integration.SecurityServiceIT]: SecurityServiceIT does not declare any static, non-private, non-final, nested classes annotated with @Configuration.
2026-05-15 12:22:29.881 [Test worker] INFO  o.s.b.t.c.SpringBootTestContextBootstrapper - Found @SpringBootConfiguration tgb.cryptoexchange.apiclients.ApiClientsApplication for test class tgb.cryptoexchange.apiclients.service.integration.SecurityServiceIT
2026-05-15 12:22:29.882 [Test worker] INFO  o.s.t.c.s.AnnotationConfigContextLoaderUtils - Could not detect default configuration classes for test class [tgb.cryptoexchange.apiclients.service.integration.SecurityServiceIT]: SecurityServiceIT does not declare any static, non-private, non-final, nested classes annotated with @Configuration.
2026-05-15 12:22:29.882 [Test worker] INFO  o.s.t.c.s.AnnotationConfigContextLoaderUtils - Could not detect default configuration classes for test class [tgb.cryptoexchange.apiclients.service.integration.BaseIntegrationTest]: BaseIntegrationTest does not declare any static, non-private, non-final, nested classes annotated with @Configuration.
2026-05-15 12:22:29.883 [Test worker] INFO  o.s.b.t.c.SpringBootTestContextBootstrapper - Found @SpringBootConfiguration tgb.cryptoexchange.apiclients.ApiClientsApplication for test class tgb.cryptoexchange.apiclients.service.integration.SecurityServiceIT
2026-05-15 12:22:29.915 [Test worker] INFO  o.s.t.c.s.AnnotationConfigContextLoaderUtils - Could not detect default configuration classes for test class [tgb.cryptoexchange.apiclients.service.integration.WithdrawalIT]: WithdrawalIT does not declare any static, non-private, non-final, nested classes annotated with @Configuration.
2026-05-15 12:22:29.917 [Test worker] INFO  o.s.b.t.c.SpringBootTestContextBootstrapper - Found @SpringBootConfiguration tgb.cryptoexchange.apiclients.ApiClientsApplication for test class tgb.cryptoexchange.apiclients.service.integration.WithdrawalIT
2026-05-15 12:22:29.917 [Test worker] INFO  o.s.t.c.s.AnnotationConfigContextLoaderUtils - Could not detect default configuration classes for test class [tgb.cryptoexchange.apiclients.service.integration.WithdrawalIT]: WithdrawalIT does not declare any static, non-private, non-final, nested classes annotated with @Configuration.
2026-05-15 12:22:29.918 [Test worker] INFO  o.s.t.c.s.AnnotationConfigContextLoaderUtils - Could not detect default configuration classes for test class [tgb.cryptoexchange.apiclients.service.integration.BaseIntegrationTest]: BaseIntegrationTest does not declare any static, non-private, non-final, nested classes annotated with @Configuration.
2026-05-15 12:22:29.919 [Test worker] INFO  o.s.b.t.c.SpringBootTestContextBootstrapper - Found @SpringBootConfiguration tgb.cryptoexchange.apiclients.ApiClientsApplication for test class tgb.cryptoexchange.apiclients.service.integration.WithdrawalIT
2026-05-15 12:22:32.090 [SpringApplicationShutdownHook] INFO  o.s.o.j.LocalContainerEntityManagerFactoryBean - Closing JPA EntityManagerFactory for persistence unit 'default'
2026-05-15 12:22:32.112 [SpringApplicationShutdownHook] INFO  o.s.o.j.LocalContainerEntityManagerFactoryBean - Closing JPA EntityManagerFactory for persistence unit 'default'
2026-05-15 12:22:32.123 [SpringApplicationShutdownHook] INFO  o.s.g.s.l.GrpcServerLifecycle - Completed gRPC server shutdown
2026-05-15 12:22:32.127 [SpringApplicationShutdownHook] INFO  o.s.o.j.LocalContainerEntityManagerFactoryBean - Closing JPA EntityManagerFactory for persistence unit 'default'
2026-05-15 12:36:09.832 [Test worker] INFO  o.s.d.r.c.RepositoryConfigurationDelegate - Bootstrapping Spring Data JPA repositories in DEFAULT mode.
2026-05-15 12:36:09.982 [Test worker] INFO  o.s.d.r.c.RepositoryConfigurationDelegate - Finished Spring Data repository scanning in 141 ms. Found 3 JPA repository interfaces.
2026-05-15 12:36:12.825 [Test worker] INFO  o.s.o.j.p.SpringPersistenceUnitInfo - No LoadTimeWeaver setup: ignoring JPA class transformer
2026-05-15 12:36:13.922 [Test worker] INFO  o.s.o.j.LocalContainerEntityManagerFactoryBean - Initialized JPA EntityManagerFactory for persistence unit 'default'
2026-05-15 12:36:14.063 [Test worker] INFO  o.s.d.j.r.q.QueryEnhancerFactories - Hibernate is in classpath; If applicable, HQL parser will be used.
2026-05-15 12:36:15.812 [Test worker] WARN  o.s.b.j.a.JpaBaseConfiguration$JpaWebConfiguration - spring.jpa.open-in-view is enabled by default. Therefore, database queries may be performed during view rendering. Explicitly configure spring.jpa.open-in-view to disable this warning
2026-05-15 12:36:16.789 [Test worker] INFO  o.s.b.t.m.w.SpringBootMockServletContext - Initializing Spring TestDispatcherServlet ''
2026-05-15 12:36:16.789 [Test worker] INFO  o.s.t.w.s.TestDispatcherServlet - Initializing Servlet ''
2026-05-15 12:36:16.796 [Test worker] INFO  o.s.b.a.e.web.EndpointLinksResolver - Exposing 1 endpoint beneath base path '/actuator'
2026-05-15 12:36:16.811 [Test worker] INFO  o.s.t.w.s.TestDispatcherServlet - Completed initialization in 22 ms
2026-05-15 12:36:16.975 [Test worker] INFO  o.s.g.server.NettyGrpcServerFactory - Registered gRPC service: ClientsService
2026-05-15 12:36:16.975 [Test worker] INFO  o.s.g.server.NettyGrpcServerFactory - Registered gRPC service: SecurityService
2026-05-15 12:36:16.975 [Test worker] INFO  o.s.g.server.NettyGrpcServerFactory - Registered gRPC service: WithdrawalRequestService
2026-05-15 12:36:16.975 [Test worker] INFO  o.s.g.server.NettyGrpcServerFactory - Registered gRPC service: grpc.reflection.v1.ServerReflection
2026-05-15 12:36:16.975 [Test worker] INFO  o.s.g.server.NettyGrpcServerFactory - Registered gRPC service: grpc.health.v1.Health
2026-05-15 12:36:17.129 [Test worker] INFO  o.s.g.s.l.GrpcServerLifecycle - gRPC Server started, listening on address: [/[0:0:0:0:0:0:0:0]:9090]
2026-05-15 12:36:19.056 [Test worker] INFO  o.s.t.c.s.AnnotationConfigContextLoaderUtils - Could not detect default configuration classes for test class [tgb.cryptoexchange.apiclients.service.integration.ClientsServiceIT]: ClientsServiceIT does not declare any static, non-private, non-final, nested classes annotated with @Configuration.
2026-05-15 12:36:19.058 [Test worker] INFO  o.s.b.t.c.SpringBootTestContextBootstrapper - Found @SpringBootConfiguration tgb.cryptoexchange.apiclients.ApiClientsApplication for test class tgb.cryptoexchange.apiclients.service.integration.ClientsServiceIT
2026-05-15 12:36:19.059 [Test worker] INFO  o.s.t.c.s.AnnotationConfigContextLoaderUtils - Could not detect default configuration classes for test class [tgb.cryptoexchange.apiclients.service.integration.ClientsServiceIT]: ClientsServiceIT does not declare any static, non-private, non-final, nested classes annotated with @Configuration.
2026-05-15 12:36:19.060 [Test worker] INFO  o.s.t.c.s.AnnotationConfigContextLoaderUtils - Could not detect default configuration classes for test class [tgb.cryptoexchange.apiclients.service.integration.BaseIntegrationTest]: BaseIntegrationTest does not declare any static, non-private, non-final, nested classes annotated with @Configuration.
2026-05-15 12:36:19.062 [Test worker] INFO  o.s.b.t.c.SpringBootTestContextBootstrapper - Found @SpringBootConfiguration tgb.cryptoexchange.apiclients.ApiClientsApplication for test class tgb.cryptoexchange.apiclients.service.integration.ClientsServiceIT
2026-05-15 12:36:19.070 [Test worker] INFO  o.s.g.s.l.GrpcServerLifecycle - Completed gRPC server shutdown
2026-05-15 12:36:19.404 [Test worker] INFO  o.s.d.r.c.RepositoryConfigurationDelegate - Bootstrapping Spring Data JPA repositories in DEFAULT mode.
2026-05-15 12:36:19.421 [Test worker] INFO  o.s.d.r.c.RepositoryConfigurationDelegate - Finished Spring Data repository scanning in 15 ms. Found 3 JPA repository interfaces.
2026-05-15 12:36:19.679 [Test worker] INFO  o.s.o.j.p.SpringPersistenceUnitInfo - No LoadTimeWeaver setup: ignoring JPA class transformer
2026-05-15 12:36:19.733 [Test worker] INFO  o.s.o.j.LocalContainerEntityManagerFactoryBean - Initialized JPA EntityManagerFactory for persistence unit 'default'
2026-05-15 12:36:20.013 [Test worker] WARN  o.s.b.j.a.JpaBaseConfiguration$JpaWebConfiguration - spring.jpa.open-in-view is enabled by default. Therefore, database queries may be performed during view rendering. Explicitly configure spring.jpa.open-in-view to disable this warning
2026-05-15 12:36:20.317 [Test worker] INFO  o.s.b.a.e.web.EndpointLinksResolver - Exposing 1 endpoint beneath base path '/actuator'
2026-05-15 12:36:20.334 [Test worker] INFO  o.s.g.server.NettyGrpcServerFactory - Registered gRPC service: ClientsService
2026-05-15 12:36:20.334 [Test worker] INFO  o.s.g.server.NettyGrpcServerFactory - Registered gRPC service: SecurityService
2026-05-15 12:36:20.334 [Test worker] INFO  o.s.g.server.NettyGrpcServerFactory - Registered gRPC service: WithdrawalRequestService
2026-05-15 12:36:20.334 [Test worker] INFO  o.s.g.server.NettyGrpcServerFactory - Registered gRPC service: grpc.reflection.v1.ServerReflection
2026-05-15 12:36:20.334 [Test worker] INFO  o.s.g.server.NettyGrpcServerFactory - Registered gRPC service: grpc.health.v1.Health
2026-05-15 12:36:20.348 [Test worker] INFO  o.s.g.s.l.GrpcServerLifecycle - gRPC Server started, listening on address: [/[0:0:0:0:0:0:0:0]:9090]
2026-05-15 12:36:21.404 [Test worker] INFO  o.s.t.c.s.AnnotationConfigContextLoaderUtils - Could not detect default configuration classes for test class [tgb.cryptoexchange.apiclients.service.integration.SecurityServiceIT]: SecurityServiceIT does not declare any static, non-private, non-final, nested classes annotated with @Configuration.
2026-05-15 12:36:21.407 [Test worker] INFO  o.s.b.t.c.SpringBootTestContextBootstrapper - Found @SpringBootConfiguration tgb.cryptoexchange.apiclients.ApiClientsApplication for test class tgb.cryptoexchange.apiclients.service.integration.SecurityServiceIT
2026-05-15 12:36:21.408 [Test worker] INFO  o.s.t.c.s.AnnotationConfigContextLoaderUtils - Could not detect default configuration classes for test class [tgb.cryptoexchange.apiclients.service.integration.SecurityServiceIT]: SecurityServiceIT does not declare any static, non-private, non-final, nested classes annotated with @Configuration.
2026-05-15 12:36:21.408 [Test worker] INFO  o.s.t.c.s.AnnotationConfigContextLoaderUtils - Could not detect default configuration classes for test class [tgb.cryptoexchange.apiclients.service.integration.BaseIntegrationTest]: BaseIntegrationTest does not declare any static, non-private, non-final, nested classes annotated with @Configuration.
2026-05-15 12:36:21.410 [Test worker] INFO  o.s.b.t.c.SpringBootTestContextBootstrapper - Found @SpringBootConfiguration tgb.cryptoexchange.apiclients.ApiClientsApplication for test class tgb.cryptoexchange.apiclients.service.integration.SecurityServiceIT
2026-05-15 12:36:21.456 [Test worker] INFO  o.s.t.c.s.AnnotationConfigContextLoaderUtils - Could not detect default configuration classes for test class [tgb.cryptoexchange.apiclients.service.integration.WithdrawalIT]: WithdrawalIT does not declare any static, non-private, non-final, nested classes annotated with @Configuration.
2026-05-15 12:36:21.459 [Test worker] INFO  o.s.b.t.c.SpringBootTestContextBootstrapper - Found @SpringBootConfiguration tgb.cryptoexchange.apiclients.ApiClientsApplication for test class tgb.cryptoexchange.apiclients.service.integration.WithdrawalIT
2026-05-15 12:36:21.467 [Test worker] INFO  o.s.t.c.s.AnnotationConfigContextLoaderUtils - Could not detect default configuration classes for test class [tgb.cryptoexchange.apiclients.service.integration.WithdrawalIT]: WithdrawalIT does not declare any static, non-private, non-final, nested classes annotated with @Configuration.
2026-05-15 12:36:21.468 [Test worker] INFO  o.s.t.c.s.AnnotationConfigContextLoaderUtils - Could not detect default configuration classes for test class [tgb.cryptoexchange.apiclients.service.integration.BaseIntegrationTest]: BaseIntegrationTest does not declare any static, non-private, non-final, nested classes annotated with @Configuration.
2026-05-15 12:36:21.470 [Test worker] INFO  o.s.b.t.c.SpringBootTestContextBootstrapper - Found @SpringBootConfiguration tgb.cryptoexchange.apiclients.ApiClientsApplication for test class tgb.cryptoexchange.apiclients.service.integration.WithdrawalIT
2026-05-15 12:36:21.767 [SpringApplicationShutdownHook] INFO  o.s.o.j.LocalContainerEntityManagerFactoryBean - Closing JPA EntityManagerFactory for persistence unit 'default'
2026-05-15 12:36:21.780 [SpringApplicationShutdownHook] INFO  o.s.g.s.l.GrpcServerLifecycle - Completed gRPC server shutdown
2026-05-15 12:36:21.783 [SpringApplicationShutdownHook] INFO  o.s.o.j.LocalContainerEntityManagerFactoryBean - Closing JPA EntityManagerFactory for persistence unit 'default'
2026-05-15 12:41:13.519 [Test worker] INFO  o.s.d.r.c.RepositoryConfigurationDelegate - Bootstrapping Spring Data JPA repositories in DEFAULT mode.
2026-05-15 12:41:13.692 [Test worker] INFO  o.s.d.r.c.RepositoryConfigurationDelegate - Finished Spring Data repository scanning in 161 ms. Found 3 JPA repository interfaces.
2026-05-15 12:41:17.110 [Test worker] INFO  o.s.o.j.p.SpringPersistenceUnitInfo - No LoadTimeWeaver setup: ignoring JPA class transformer
2026-05-15 12:41:18.221 [Test worker] INFO  o.s.o.j.LocalContainerEntityManagerFactoryBean - Initialized JPA EntityManagerFactory for persistence unit 'default'
2026-05-15 12:41:18.406 [Test worker] INFO  o.s.d.j.r.q.QueryEnhancerFactories - Hibernate is in classpath; If applicable, HQL parser will be used.
2026-05-15 12:41:20.348 [Test worker] WARN  o.s.b.j.a.JpaBaseConfiguration$JpaWebConfiguration - spring.jpa.open-in-view is enabled by default. Therefore, database queries may be performed during view rendering. Explicitly configure spring.jpa.open-in-view to disable this warning
2026-05-15 12:41:22.332 [Test worker] INFO  o.s.b.a.e.web.EndpointLinksResolver - Exposing 1 endpoint beneath base path '/actuator'
2026-05-15 12:41:22.586 [Test worker] INFO  o.s.g.server.NettyGrpcServerFactory - Registered gRPC service: ClientsService
2026-05-15 12:41:22.586 [Test worker] INFO  o.s.g.server.NettyGrpcServerFactory - Registered gRPC service: SecurityService
2026-05-15 12:41:22.587 [Test worker] INFO  o.s.g.server.NettyGrpcServerFactory - Registered gRPC service: WithdrawalRequestService
2026-05-15 12:41:22.587 [Test worker] INFO  o.s.g.server.NettyGrpcServerFactory - Registered gRPC service: grpc.reflection.v1.ServerReflection
2026-05-15 12:41:22.587 [Test worker] INFO  o.s.g.server.NettyGrpcServerFactory - Registered gRPC service: grpc.health.v1.Health
2026-05-15 12:41:22.857 [Test worker] INFO  o.s.g.s.l.GrpcServerLifecycle - gRPC Server started, listening on address: [/[0:0:0:0:0:0:0:0]:9090]
2026-05-15 12:43:51.471 [SpringApplicationShutdownHook] INFO  o.s.g.s.l.GrpcServerLifecycle - Completed gRPC server shutdown
2026-05-15 12:43:51.481 [SpringApplicationShutdownHook] INFO  o.s.o.j.LocalContainerEntityManagerFactoryBean - Closing JPA EntityManagerFactory for persistence unit 'default'
2026-05-15 12:44:33.067 [Test worker] INFO  o.s.d.r.c.RepositoryConfigurationDelegate - Bootstrapping Spring Data JPA repositories in DEFAULT mode.
2026-05-15 12:44:33.253 [Test worker] INFO  o.s.d.r.c.RepositoryConfigurationDelegate - Finished Spring Data repository scanning in 174 ms. Found 3 JPA repository interfaces.
2026-05-15 12:44:36.150 [Test worker] INFO  o.s.o.j.p.SpringPersistenceUnitInfo - No LoadTimeWeaver setup: ignoring JPA class transformer
2026-05-15 12:44:37.298 [Test worker] INFO  o.s.o.j.LocalContainerEntityManagerFactoryBean - Initialized JPA EntityManagerFactory for persistence unit 'default'
2026-05-15 12:44:37.481 [Test worker] INFO  o.s.d.j.r.q.QueryEnhancerFactories - Hibernate is in classpath; If applicable, HQL parser will be used.
2026-05-15 12:44:39.369 [Test worker] WARN  o.s.b.j.a.JpaBaseConfiguration$JpaWebConfiguration - spring.jpa.open-in-view is enabled by default. Therefore, database queries may be performed during view rendering. Explicitly configure spring.jpa.open-in-view to disable this warning
2026-05-15 12:44:40.491 [Test worker] INFO  o.s.b.a.e.web.EndpointLinksResolver - Exposing 1 endpoint beneath base path '/actuator'
2026-05-15 12:44:40.654 [Test worker] INFO  o.s.g.server.NettyGrpcServerFactory - Registered gRPC service: ClientsService
2026-05-15 12:44:40.655 [Test worker] INFO  o.s.g.server.NettyGrpcServerFactory - Registered gRPC service: SecurityService
2026-05-15 12:44:40.655 [Test worker] INFO  o.s.g.server.NettyGrpcServerFactory - Registered gRPC service: WithdrawalRequestService
2026-05-15 12:44:40.655 [Test worker] INFO  o.s.g.server.NettyGrpcServerFactory - Registered gRPC service: grpc.reflection.v1.ServerReflection
2026-05-15 12:44:40.655 [Test worker] INFO  o.s.g.server.NettyGrpcServerFactory - Registered gRPC service: grpc.health.v1.Health
2026-05-15 12:44:40.853 [Test worker] INFO  o.s.g.s.l.GrpcServerLifecycle - gRPC Server started, listening on address: [/[0:0:0:0:0:0:0:0]:9090]
2026-05-15 12:44:45.023 [SpringApplicationShutdownHook] INFO  o.s.g.s.l.GrpcServerLifecycle - Completed gRPC server shutdown
2026-05-15 12:44:45.033 [SpringApplicationShutdownHook] INFO  o.s.o.j.LocalContainerEntityManagerFactoryBean - Closing JPA EntityManagerFactory for persistence unit 'default'
2026-05-15 12:46:01.499 [Test worker] INFO  o.s.d.r.c.RepositoryConfigurationDelegate - Bootstrapping Spring Data JPA repositories in DEFAULT mode.
2026-05-15 12:46:01.674 [Test worker] INFO  o.s.d.r.c.RepositoryConfigurationDelegate - Finished Spring Data repository scanning in 163 ms. Found 3 JPA repository interfaces.
2026-05-15 12:46:04.530 [Test worker] INFO  o.s.o.j.p.SpringPersistenceUnitInfo - No LoadTimeWeaver setup: ignoring JPA class transformer
2026-05-15 12:46:05.616 [Test worker] INFO  o.s.o.j.LocalContainerEntityManagerFactoryBean - Initialized JPA EntityManagerFactory for persistence unit 'default'
2026-05-15 12:46:05.801 [Test worker] INFO  o.s.d.j.r.q.QueryEnhancerFactories - Hibernate is in classpath; If applicable, HQL parser will be used.
2026-05-15 12:46:07.718 [Test worker] WARN  o.s.b.j.a.JpaBaseConfiguration$JpaWebConfiguration - spring.jpa.open-in-view is enabled by default. Therefore, database queries may be performed during view rendering. Explicitly configure spring.jpa.open-in-view to disable this warning
2026-05-15 12:46:08.791 [Test worker] INFO  o.s.b.a.e.web.EndpointLinksResolver - Exposing 1 endpoint beneath base path '/actuator'
2026-05-15 12:46:08.937 [Test worker] INFO  o.s.g.server.NettyGrpcServerFactory - Registered gRPC service: ClientsService
2026-05-15 12:46:08.937 [Test worker] INFO  o.s.g.server.NettyGrpcServerFactory - Registered gRPC service: SecurityService
2026-05-15 12:46:08.937 [Test worker] INFO  o.s.g.server.NettyGrpcServerFactory - Registered gRPC service: WithdrawalRequestService
2026-05-15 12:46:08.937 [Test worker] INFO  o.s.g.server.NettyGrpcServerFactory - Registered gRPC service: grpc.reflection.v1.ServerReflection
2026-05-15 12:46:08.937 [Test worker] INFO  o.s.g.server.NettyGrpcServerFactory - Registered gRPC service: grpc.health.v1.Health
2026-05-15 12:46:09.111 [Test worker] INFO  o.s.g.s.l.GrpcServerLifecycle - gRPC Server started, listening on address: [/[0:0:0:0:0:0:0:0]:9090]
2026-05-15 12:48:10.216 [SpringApplicationShutdownHook] INFO  o.s.g.s.l.GrpcServerLifecycle - Completed gRPC server shutdown
2026-05-15 12:48:10.227 [SpringApplicationShutdownHook] INFO  o.s.o.j.LocalContainerEntityManagerFactoryBean - Closing JPA EntityManagerFactory for persistence unit 'default'
2026-05-15 12:48:43.316 [Test worker] INFO  o.s.d.r.c.RepositoryConfigurationDelegate - Bootstrapping Spring Data JPA repositories in DEFAULT mode.
2026-05-15 12:48:43.483 [Test worker] INFO  o.s.d.r.c.RepositoryConfigurationDelegate - Finished Spring Data repository scanning in 155 ms. Found 3 JPA repository interfaces.
2026-05-15 12:48:46.334 [Test worker] INFO  o.s.o.j.p.SpringPersistenceUnitInfo - No LoadTimeWeaver setup: ignoring JPA class transformer
2026-05-15 12:48:47.395 [Test worker] INFO  o.s.o.j.LocalContainerEntityManagerFactoryBean - Initialized JPA EntityManagerFactory for persistence unit 'default'
2026-05-15 12:48:47.578 [Test worker] INFO  o.s.d.j.r.q.QueryEnhancerFactories - Hibernate is in classpath; If applicable, HQL parser will be used.
2026-05-15 12:48:49.506 [Test worker] WARN  o.s.b.j.a.JpaBaseConfiguration$JpaWebConfiguration - spring.jpa.open-in-view is enabled by default. Therefore, database queries may be performed during view rendering. Explicitly configure spring.jpa.open-in-view to disable this warning
2026-05-15 12:48:50.630 [Test worker] INFO  o.s.b.a.e.web.EndpointLinksResolver - Exposing 1 endpoint beneath base path '/actuator'
2026-05-15 12:48:50.792 [Test worker] INFO  o.s.g.server.NettyGrpcServerFactory - Registered gRPC service: ClientsService
2026-05-15 12:48:50.793 [Test worker] INFO  o.s.g.server.NettyGrpcServerFactory - Registered gRPC service: SecurityService
2026-05-15 12:48:50.793 [Test worker] INFO  o.s.g.server.NettyGrpcServerFactory - Registered gRPC service: WithdrawalRequestService
2026-05-15 12:48:50.793 [Test worker] INFO  o.s.g.server.NettyGrpcServerFactory - Registered gRPC service: grpc.reflection.v1.ServerReflection
2026-05-15 12:48:50.793 [Test worker] INFO  o.s.g.server.NettyGrpcServerFactory - Registered gRPC service: grpc.health.v1.Health
2026-05-15 12:48:50.989 [Test worker] INFO  o.s.g.s.l.GrpcServerLifecycle - gRPC Server started, listening on address: [/[0:0:0:0:0:0:0:0]:9090]
2026-05-15 12:51:36.246 [SpringApplicationShutdownHook] INFO  o.s.g.s.l.GrpcServerLifecycle - Completed gRPC server shutdown
2026-05-15 12:51:36.256 [SpringApplicationShutdownHook] INFO  o.s.o.j.LocalContainerEntityManagerFactoryBean - Closing JPA EntityManagerFactory for persistence unit 'default'
2026-05-15 12:52:11.426 [Test worker] INFO  o.s.d.r.c.RepositoryConfigurationDelegate - Bootstrapping Spring Data JPA repositories in DEFAULT mode.
2026-05-15 12:52:11.615 [Test worker] INFO  o.s.d.r.c.RepositoryConfigurationDelegate - Finished Spring Data repository scanning in 176 ms. Found 3 JPA repository interfaces.
2026-05-15 12:52:14.627 [Test worker] INFO  o.s.o.j.p.SpringPersistenceUnitInfo - No LoadTimeWeaver setup: ignoring JPA class transformer
2026-05-15 12:52:15.720 [Test worker] INFO  o.s.o.j.LocalContainerEntityManagerFactoryBean - Initialized JPA EntityManagerFactory for persistence unit 'default'
2026-05-15 12:52:15.911 [Test worker] INFO  o.s.d.j.r.q.QueryEnhancerFactories - Hibernate is in classpath; If applicable, HQL parser will be used.
2026-05-15 12:52:17.990 [Test worker] WARN  o.s.b.j.a.JpaBaseConfiguration$JpaWebConfiguration - spring.jpa.open-in-view is enabled by default. Therefore, database queries may be performed during view rendering. Explicitly configure spring.jpa.open-in-view to disable this warning
2026-05-15 12:52:19.191 [Test worker] INFO  o.s.b.a.e.web.EndpointLinksResolver - Exposing 1 endpoint beneath base path '/actuator'
2026-05-15 12:52:19.378 [Test worker] INFO  o.s.g.server.NettyGrpcServerFactory - Registered gRPC service: ClientsService
2026-05-15 12:52:19.379 [Test worker] INFO  o.s.g.server.NettyGrpcServerFactory - Registered gRPC service: SecurityService
2026-05-15 12:52:19.379 [Test worker] INFO  o.s.g.server.NettyGrpcServerFactory - Registered gRPC service: WithdrawalRequestService
2026-05-15 12:52:19.379 [Test worker] INFO  o.s.g.server.NettyGrpcServerFactory - Registered gRPC service: grpc.reflection.v1.ServerReflection
2026-05-15 12:52:19.379 [Test worker] INFO  o.s.g.server.NettyGrpcServerFactory - Registered gRPC service: grpc.health.v1.Health
2026-05-15 12:52:19.556 [Test worker] INFO  o.s.g.s.l.GrpcServerLifecycle - gRPC Server started, listening on address: [/[0:0:0:0:0:0:0:0]:9090]
2026-05-15 12:54:25.497 [SpringApplicationShutdownHook] INFO  o.s.g.s.l.GrpcServerLifecycle - Completed gRPC server shutdown
2026-05-15 12:54:25.510 [SpringApplicationShutdownHook] INFO  o.s.o.j.LocalContainerEntityManagerFactoryBean - Closing JPA EntityManagerFactory for persistence unit 'default'
2026-05-15 12:54:53.595 [Test worker] INFO  o.s.d.r.c.RepositoryConfigurationDelegate - Bootstrapping Spring Data JPA repositories in DEFAULT mode.
2026-05-15 12:54:53.806 [Test worker] INFO  o.s.d.r.c.RepositoryConfigurationDelegate - Finished Spring Data repository scanning in 197 ms. Found 3 JPA repository interfaces.
2026-05-15 12:54:56.762 [Test worker] INFO  o.s.o.j.p.SpringPersistenceUnitInfo - No LoadTimeWeaver setup: ignoring JPA class transformer
2026-05-15 12:54:57.880 [Test worker] INFO  o.s.o.j.LocalContainerEntityManagerFactoryBean - Initialized JPA EntityManagerFactory for persistence unit 'default'
2026-05-15 12:54:58.079 [Test worker] INFO  o.s.d.j.r.q.QueryEnhancerFactories - Hibernate is in classpath; If applicable, HQL parser will be used.
2026-05-15 12:55:00.059 [Test worker] WARN  o.s.b.j.a.JpaBaseConfiguration$JpaWebConfiguration - spring.jpa.open-in-view is enabled by default. Therefore, database queries may be performed during view rendering. Explicitly configure spring.jpa.open-in-view to disable this warning
2026-05-15 12:55:01.142 [Test worker] INFO  o.s.b.a.e.web.EndpointLinksResolver - Exposing 1 endpoint beneath base path '/actuator'
2026-05-15 12:55:01.298 [Test worker] INFO  o.s.g.server.NettyGrpcServerFactory - Registered gRPC service: ClientsService
2026-05-15 12:55:01.298 [Test worker] INFO  o.s.g.server.NettyGrpcServerFactory - Registered gRPC service: SecurityService
2026-05-15 12:55:01.298 [Test worker] INFO  o.s.g.server.NettyGrpcServerFactory - Registered gRPC service: WithdrawalRequestService
2026-05-15 12:55:01.298 [Test worker] INFO  o.s.g.server.NettyGrpcServerFactory - Registered gRPC service: grpc.reflection.v1.ServerReflection
2026-05-15 12:55:01.298 [Test worker] INFO  o.s.g.server.NettyGrpcServerFactory - Registered gRPC service: grpc.health.v1.Health
2026-05-15 12:55:01.463 [Test worker] INFO  o.s.g.s.l.GrpcServerLifecycle - gRPC Server started, listening on address: [/[0:0:0:0:0:0:0:0]:9090]
2026-05-15 12:55:07.742 [SpringApplicationShutdownHook] INFO  o.s.g.s.l.GrpcServerLifecycle - Completed gRPC server shutdown
2026-05-15 12:55:07.752 [SpringApplicationShutdownHook] INFO  o.s.o.j.LocalContainerEntityManagerFactoryBean - Closing JPA EntityManagerFactory for persistence unit 'default'
2026-05-15 12:56:20.796 [Test worker] INFO  o.s.d.r.c.RepositoryConfigurationDelegate - Bootstrapping Spring Data JPA repositories in DEFAULT mode.
2026-05-15 12:56:20.971 [Test worker] INFO  o.s.d.r.c.RepositoryConfigurationDelegate - Finished Spring Data repository scanning in 163 ms. Found 3 JPA repository interfaces.
2026-05-15 12:56:23.681 [Test worker] INFO  o.s.o.j.p.SpringPersistenceUnitInfo - No LoadTimeWeaver setup: ignoring JPA class transformer
2026-05-15 12:56:24.651 [Test worker] INFO  o.s.o.j.LocalContainerEntityManagerFactoryBean - Initialized JPA EntityManagerFactory for persistence unit 'default'
2026-05-15 12:56:24.800 [Test worker] INFO  o.s.d.j.r.q.QueryEnhancerFactories - Hibernate is in classpath; If applicable, HQL parser will be used.
2026-05-15 12:56:26.567 [Test worker] WARN  o.s.b.j.a.JpaBaseConfiguration$JpaWebConfiguration - spring.jpa.open-in-view is enabled by default. Therefore, database queries may be performed during view rendering. Explicitly configure spring.jpa.open-in-view to disable this warning
2026-05-15 12:56:27.549 [Test worker] INFO  o.s.b.a.e.web.EndpointLinksResolver - Exposing 1 endpoint beneath base path '/actuator'
2026-05-15 12:56:27.681 [Test worker] INFO  o.s.g.server.NettyGrpcServerFactory - Registered gRPC service: ClientsService
2026-05-15 12:56:27.681 [Test worker] INFO  o.s.g.server.NettyGrpcServerFactory - Registered gRPC service: SecurityService
2026-05-15 12:56:27.681 [Test worker] INFO  o.s.g.server.NettyGrpcServerFactory - Registered gRPC service: WithdrawalRequestService
2026-05-15 12:56:27.681 [Test worker] INFO  o.s.g.server.NettyGrpcServerFactory - Registered gRPC service: grpc.reflection.v1.ServerReflection
2026-05-15 12:56:27.681 [Test worker] INFO  o.s.g.server.NettyGrpcServerFactory - Registered gRPC service: grpc.health.v1.Health
2026-05-15 12:56:27.831 [Test worker] INFO  o.s.g.s.l.GrpcServerLifecycle - gRPC Server started, listening on address: [/[0:0:0:0:0:0:0:0]:9090]
2026-05-15 12:56:28.783 [SpringApplicationShutdownHook] INFO  o.s.g.s.l.GrpcServerLifecycle - Completed gRPC server shutdown
2026-05-15 12:56:28.791 [SpringApplicationShutdownHook] INFO  o.s.o.j.LocalContainerEntityManagerFactoryBean - Closing JPA EntityManagerFactory for persistence unit 'default'
2026-05-15 14:03:53.113 [Test worker] INFO  o.s.d.r.c.RepositoryConfigurationDelegate - Bootstrapping Spring Data JPA repositories in DEFAULT mode.
2026-05-15 14:03:53.293 [Test worker] INFO  o.s.d.r.c.RepositoryConfigurationDelegate - Finished Spring Data repository scanning in 165 ms. Found 3 JPA repository interfaces.
2026-05-15 14:03:56.307 [Test worker] INFO  o.s.o.j.p.SpringPersistenceUnitInfo - No LoadTimeWeaver setup: ignoring JPA class transformer
2026-05-15 14:03:57.295 [Test worker] INFO  o.s.o.j.LocalContainerEntityManagerFactoryBean - Initialized JPA EntityManagerFactory for persistence unit 'default'
2026-05-15 14:03:57.430 [Test worker] INFO  o.s.d.j.r.q.QueryEnhancerFactories - Hibernate is in classpath; If applicable, HQL parser will be used.
2026-05-15 14:03:59.415 [Test worker] WARN  o.s.b.j.a.JpaBaseConfiguration$JpaWebConfiguration - spring.jpa.open-in-view is enabled by default. Therefore, database queries may be performed during view rendering. Explicitly configure spring.jpa.open-in-view to disable this warning
2026-05-15 14:04:00.400 [Test worker] INFO  o.s.b.a.e.web.EndpointLinksResolver - Exposing 1 endpoint beneath base path '/actuator'
2026-05-15 14:04:00.538 [Test worker] INFO  o.s.g.server.NettyGrpcServerFactory - Registered gRPC service: ClientsService
2026-05-15 14:04:00.538 [Test worker] INFO  o.s.g.server.NettyGrpcServerFactory - Registered gRPC service: SecurityService
2026-05-15 14:04:00.538 [Test worker] INFO  o.s.g.server.NettyGrpcServerFactory - Registered gRPC service: WithdrawalRequestService
2026-05-15 14:04:00.538 [Test worker] INFO  o.s.g.server.NettyGrpcServerFactory - Registered gRPC service: grpc.reflection.v1.ServerReflection
2026-05-15 14:04:00.538 [Test worker] INFO  o.s.g.server.NettyGrpcServerFactory - Registered gRPC service: grpc.health.v1.Health
2026-05-15 14:04:00.710 [Test worker] INFO  o.s.g.s.l.GrpcServerLifecycle - gRPC Server started, listening on address: [/[0:0:0:0:0:0:0:0]:9090]
2026-05-15 14:04:01.314 [Test worker] INFO  o.s.t.c.s.AnnotationConfigContextLoaderUtils - Could not detect default configuration classes for test class [tgb.cryptoexchange.apiclients.service.integration.ClientRestControllerIT]: ClientRestControllerIT does not declare any static, non-private, non-final, nested classes annotated with @Configuration.
2026-05-15 14:04:01.333 [Test worker] INFO  o.s.b.t.c.SpringBootTestContextBootstrapper - Found @SpringBootConfiguration tgb.cryptoexchange.apiclients.ApiClientsApplication for test class tgb.cryptoexchange.apiclients.service.integration.ClientRestControllerIT
2026-05-15 14:04:01.334 [Test worker] INFO  o.s.t.c.s.AnnotationConfigContextLoaderUtils - Could not detect default configuration classes for test class [tgb.cryptoexchange.apiclients.service.integration.ClientRestControllerIT]: ClientRestControllerIT does not declare any static, non-private, non-final, nested classes annotated with @Configuration.
2026-05-15 14:04:01.335 [Test worker] INFO  o.s.t.c.s.AnnotationConfigContextLoaderUtils - Could not detect default configuration classes for test class [tgb.cryptoexchange.apiclients.service.integration.BaseIntegrationTest]: BaseIntegrationTest does not declare any static, non-private, non-final, nested classes annotated with @Configuration.
2026-05-15 14:04:01.338 [Test worker] INFO  o.s.b.t.c.SpringBootTestContextBootstrapper - Found @SpringBootConfiguration tgb.cryptoexchange.apiclients.ApiClientsApplication for test class tgb.cryptoexchange.apiclients.service.integration.ClientRestControllerIT
2026-05-15 14:04:01.349 [Test worker] INFO  o.s.g.s.l.GrpcServerLifecycle - Completed gRPC server shutdown
2026-05-15 14:04:01.698 [Test worker] INFO  o.s.d.r.c.RepositoryConfigurationDelegate - Bootstrapping Spring Data JPA repositories in DEFAULT mode.
2026-05-15 14:04:01.715 [Test worker] INFO  o.s.d.r.c.RepositoryConfigurationDelegate - Finished Spring Data repository scanning in 15 ms. Found 3 JPA repository interfaces.
2026-05-15 14:04:02.031 [Test worker] INFO  o.s.o.j.p.SpringPersistenceUnitInfo - No LoadTimeWeaver setup: ignoring JPA class transformer
2026-05-15 14:04:02.098 [Test worker] INFO  o.s.o.j.LocalContainerEntityManagerFactoryBean - Initialized JPA EntityManagerFactory for persistence unit 'default'
2026-05-15 14:04:02.370 [Test worker] WARN  o.s.b.j.a.JpaBaseConfiguration$JpaWebConfiguration - spring.jpa.open-in-view is enabled by default. Therefore, database queries may be performed during view rendering. Explicitly configure spring.jpa.open-in-view to disable this warning
2026-05-15 14:04:02.737 [Test worker] INFO  o.s.b.t.m.w.SpringBootMockServletContext - Initializing Spring TestDispatcherServlet ''
2026-05-15 14:04:02.737 [Test worker] INFO  o.s.t.w.s.TestDispatcherServlet - Initializing Servlet ''
2026-05-15 14:04:02.742 [Test worker] INFO  o.s.b.a.e.web.EndpointLinksResolver - Exposing 1 endpoint beneath base path '/actuator'
2026-05-15 14:04:02.750 [Test worker] INFO  o.s.t.w.s.TestDispatcherServlet - Completed initialization in 12 ms
2026-05-15 14:04:02.772 [Test worker] INFO  o.s.g.server.NettyGrpcServerFactory - Registered gRPC service: ClientsService
2026-05-15 14:04:02.772 [Test worker] INFO  o.s.g.server.NettyGrpcServerFactory - Registered gRPC service: SecurityService
2026-05-15 14:04:02.772 [Test worker] INFO  o.s.g.server.NettyGrpcServerFactory - Registered gRPC service: WithdrawalRequestService
2026-05-15 14:04:02.772 [Test worker] INFO  o.s.g.server.NettyGrpcServerFactory - Registered gRPC service: grpc.reflection.v1.ServerReflection
2026-05-15 14:04:02.772 [Test worker] INFO  o.s.g.server.NettyGrpcServerFactory - Registered gRPC service: grpc.health.v1.Health
2026-05-15 14:04:02.788 [Test worker] INFO  o.s.g.s.l.GrpcServerLifecycle - gRPC Server started, listening on address: [/[0:0:0:0:0:0:0:0]:9090]
2026-05-15 14:04:05.130 [Test worker] INFO  o.s.t.c.s.AnnotationConfigContextLoaderUtils - Could not detect default configuration classes for test class [tgb.cryptoexchange.apiclients.service.integration.ClientsServiceIT]: ClientsServiceIT does not declare any static, non-private, non-final, nested classes annotated with @Configuration.
2026-05-15 14:04:05.133 [Test worker] INFO  o.s.b.t.c.SpringBootTestContextBootstrapper - Found @SpringBootConfiguration tgb.cryptoexchange.apiclients.ApiClientsApplication for test class tgb.cryptoexchange.apiclients.service.integration.ClientsServiceIT
2026-05-15 14:04:05.134 [Test worker] INFO  o.s.t.c.s.AnnotationConfigContextLoaderUtils - Could not detect default configuration classes for test class [tgb.cryptoexchange.apiclients.service.integration.ClientsServiceIT]: ClientsServiceIT does not declare any static, non-private, non-final, nested classes annotated with @Configuration.
2026-05-15 14:04:05.135 [Test worker] INFO  o.s.t.c.s.AnnotationConfigContextLoaderUtils - Could not detect default configuration classes for test class [tgb.cryptoexchange.apiclients.service.integration.BaseIntegrationTest]: BaseIntegrationTest does not declare any static, non-private, non-final, nested classes annotated with @Configuration.
2026-05-15 14:04:05.137 [Test worker] INFO  o.s.b.t.c.SpringBootTestContextBootstrapper - Found @SpringBootConfiguration tgb.cryptoexchange.apiclients.ApiClientsApplication for test class tgb.cryptoexchange.apiclients.service.integration.ClientsServiceIT
2026-05-15 14:04:05.141 [Test worker] INFO  o.s.g.s.l.GrpcServerLifecycle - Completed gRPC server shutdown
2026-05-15 14:04:05.545 [Test worker] INFO  o.s.d.r.c.RepositoryConfigurationDelegate - Bootstrapping Spring Data JPA repositories in DEFAULT mode.
2026-05-15 14:04:05.564 [Test worker] INFO  o.s.d.r.c.RepositoryConfigurationDelegate - Finished Spring Data repository scanning in 16 ms. Found 3 JPA repository interfaces.
2026-05-15 14:04:05.925 [Test worker] INFO  o.s.o.j.p.SpringPersistenceUnitInfo - No LoadTimeWeaver setup: ignoring JPA class transformer
2026-05-15 14:04:05.984 [Test worker] INFO  o.s.o.j.LocalContainerEntityManagerFactoryBean - Initialized JPA EntityManagerFactory for persistence unit 'default'
2026-05-15 14:04:06.241 [Test worker] WARN  o.s.b.j.a.JpaBaseConfiguration$JpaWebConfiguration - spring.jpa.open-in-view is enabled by default. Therefore, database queries may be performed during view rendering. Explicitly configure spring.jpa.open-in-view to disable this warning
2026-05-15 14:04:06.558 [Test worker] INFO  o.s.b.a.e.web.EndpointLinksResolver - Exposing 1 endpoint beneath base path '/actuator'
2026-05-15 14:04:06.573 [Test worker] INFO  o.s.g.server.NettyGrpcServerFactory - Registered gRPC service: ClientsService
2026-05-15 14:04:06.573 [Test worker] INFO  o.s.g.server.NettyGrpcServerFactory - Registered gRPC service: SecurityService
2026-05-15 14:04:06.573 [Test worker] INFO  o.s.g.server.NettyGrpcServerFactory - Registered gRPC service: WithdrawalRequestService
2026-05-15 14:04:06.573 [Test worker] INFO  o.s.g.server.NettyGrpcServerFactory - Registered gRPC service: grpc.reflection.v1.ServerReflection
2026-05-15 14:04:06.574 [Test worker] INFO  o.s.g.server.NettyGrpcServerFactory - Registered gRPC service: grpc.health.v1.Health
2026-05-15 14:04:06.587 [Test worker] INFO  o.s.g.s.l.GrpcServerLifecycle - gRPC Server started, listening on address: [/[0:0:0:0:0:0:0:0]:9090]
2026-05-15 14:04:07.673 [Test worker] INFO  o.s.t.c.s.AnnotationConfigContextLoaderUtils - Could not detect default configuration classes for test class [tgb.cryptoexchange.apiclients.service.integration.SecurityServiceIT]: SecurityServiceIT does not declare any static, non-private, non-final, nested classes annotated with @Configuration.
2026-05-15 14:04:07.675 [Test worker] INFO  o.s.b.t.c.SpringBootTestContextBootstrapper - Found @SpringBootConfiguration tgb.cryptoexchange.apiclients.ApiClientsApplication for test class tgb.cryptoexchange.apiclients.service.integration.SecurityServiceIT
2026-05-15 14:04:07.676 [Test worker] INFO  o.s.t.c.s.AnnotationConfigContextLoaderUtils - Could not detect default configuration classes for test class [tgb.cryptoexchange.apiclients.service.integration.SecurityServiceIT]: SecurityServiceIT does not declare any static, non-private, non-final, nested classes annotated with @Configuration.
2026-05-15 14:04:07.676 [Test worker] INFO  o.s.t.c.s.AnnotationConfigContextLoaderUtils - Could not detect default configuration classes for test class [tgb.cryptoexchange.apiclients.service.integration.BaseIntegrationTest]: BaseIntegrationTest does not declare any static, non-private, non-final, nested classes annotated with @Configuration.
2026-05-15 14:04:07.678 [Test worker] INFO  o.s.b.t.c.SpringBootTestContextBootstrapper - Found @SpringBootConfiguration tgb.cryptoexchange.apiclients.ApiClientsApplication for test class tgb.cryptoexchange.apiclients.service.integration.SecurityServiceIT
2026-05-15 14:04:07.730 [Test worker] INFO  o.s.t.c.s.AnnotationConfigContextLoaderUtils - Could not detect default configuration classes for test class [tgb.cryptoexchange.apiclients.service.integration.WithdrawalIT]: WithdrawalIT does not declare any static, non-private, non-final, nested classes annotated with @Configuration.
2026-05-15 14:04:07.731 [Test worker] INFO  o.s.b.t.c.SpringBootTestContextBootstrapper - Found @SpringBootConfiguration tgb.cryptoexchange.apiclients.ApiClientsApplication for test class tgb.cryptoexchange.apiclients.service.integration.WithdrawalIT
2026-05-15 14:04:07.731 [Test worker] INFO  o.s.t.c.s.AnnotationConfigContextLoaderUtils - Could not detect default configuration classes for test class [tgb.cryptoexchange.apiclients.service.integration.WithdrawalIT]: WithdrawalIT does not declare any static, non-private, non-final, nested classes annotated with @Configuration.
2026-05-15 14:04:07.733 [Test worker] INFO  o.s.t.c.s.AnnotationConfigContextLoaderUtils - Could not detect default configuration classes for test class [tgb.cryptoexchange.apiclients.service.integration.BaseIntegrationTest]: BaseIntegrationTest does not declare any static, non-private, non-final, nested classes annotated with @Configuration.
2026-05-15 14:04:07.734 [Test worker] INFO  o.s.b.t.c.SpringBootTestContextBootstrapper - Found @SpringBootConfiguration tgb.cryptoexchange.apiclients.ApiClientsApplication for test class tgb.cryptoexchange.apiclients.service.integration.WithdrawalIT
2026-05-15 14:04:11.688 [SpringApplicationShutdownHook] INFO  o.s.o.j.LocalContainerEntityManagerFactoryBean - Closing JPA EntityManagerFactory for persistence unit 'default'
2026-05-15 14:04:11.710 [SpringApplicationShutdownHook] INFO  o.s.o.j.LocalContainerEntityManagerFactoryBean - Closing JPA EntityManagerFactory for persistence unit 'default'
2026-05-15 14:04:11.722 [SpringApplicationShutdownHook] INFO  o.s.g.s.l.GrpcServerLifecycle - Completed gRPC server shutdown
2026-05-15 14:04:11.742 [SpringApplicationShutdownHook] INFO  o.s.o.j.LocalContainerEntityManagerFactoryBean - Closing JPA EntityManagerFactory for persistence unit 'default'
2026-05-15 14:04:59.841 [Test worker] INFO  o.s.d.r.c.RepositoryConfigurationDelegate - Bootstrapping Spring Data JPA repositories in DEFAULT mode.
2026-05-15 14:05:00.015 [Test worker] INFO  o.s.d.r.c.RepositoryConfigurationDelegate - Finished Spring Data repository scanning in 163 ms. Found 3 JPA repository interfaces.
2026-05-15 14:05:03.535 [Test worker] INFO  o.s.o.j.p.SpringPersistenceUnitInfo - No LoadTimeWeaver setup: ignoring JPA class transformer
2026-05-15 14:05:04.631 [Test worker] INFO  o.s.o.j.LocalContainerEntityManagerFactoryBean - Initialized JPA EntityManagerFactory for persistence unit 'default'
2026-05-15 14:05:04.790 [Test worker] INFO  o.s.d.j.r.q.QueryEnhancerFactories - Hibernate is in classpath; If applicable, HQL parser will be used.
2026-05-15 14:05:06.670 [Test worker] WARN  o.s.b.j.a.JpaBaseConfiguration$JpaWebConfiguration - spring.jpa.open-in-view is enabled by default. Therefore, database queries may be performed during view rendering. Explicitly configure spring.jpa.open-in-view to disable this warning
2026-05-15 14:05:07.758 [Test worker] INFO  o.s.b.a.e.web.EndpointLinksResolver - Exposing 1 endpoint beneath base path '/actuator'
2026-05-15 14:05:07.929 [Test worker] INFO  o.s.g.server.NettyGrpcServerFactory - Registered gRPC service: ClientsService
2026-05-15 14:05:07.930 [Test worker] INFO  o.s.g.server.NettyGrpcServerFactory - Registered gRPC service: SecurityService
2026-05-15 14:05:07.930 [Test worker] INFO  o.s.g.server.NettyGrpcServerFactory - Registered gRPC service: WithdrawalRequestService
2026-05-15 14:05:07.930 [Test worker] INFO  o.s.g.server.NettyGrpcServerFactory - Registered gRPC service: grpc.reflection.v1.ServerReflection
2026-05-15 14:05:07.930 [Test worker] INFO  o.s.g.server.NettyGrpcServerFactory - Registered gRPC service: grpc.health.v1.Health
2026-05-15 14:05:08.098 [Test worker] INFO  o.s.g.s.l.GrpcServerLifecycle - gRPC Server started, listening on address: [/[0:0:0:0:0:0:0:0]:9090]
2026-05-15 14:05:08.668 [Test worker] INFO  o.s.t.c.s.AnnotationConfigContextLoaderUtils - Could not detect default configuration classes for test class [tgb.cryptoexchange.apiclients.service.integration.ClientRestControllerIT]: ClientRestControllerIT does not declare any static, non-private, non-final, nested classes annotated with @Configuration.
2026-05-15 14:05:08.683 [Test worker] INFO  o.s.b.t.c.SpringBootTestContextBootstrapper - Found @SpringBootConfiguration tgb.cryptoexchange.apiclients.ApiClientsApplication for test class tgb.cryptoexchange.apiclients.service.integration.ClientRestControllerIT
2026-05-15 14:05:08.684 [Test worker] INFO  o.s.t.c.s.AnnotationConfigContextLoaderUtils - Could not detect default configuration classes for test class [tgb.cryptoexchange.apiclients.service.integration.ClientRestControllerIT]: ClientRestControllerIT does not declare any static, non-private, non-final, nested classes annotated with @Configuration.
2026-05-15 14:05:08.685 [Test worker] INFO  o.s.t.c.s.AnnotationConfigContextLoaderUtils - Could not detect default configuration classes for test class [tgb.cryptoexchange.apiclients.service.integration.BaseIntegrationTest]: BaseIntegrationTest does not declare any static, non-private, non-final, nested classes annotated with @Configuration.
2026-05-15 14:05:08.687 [Test worker] INFO  o.s.b.t.c.SpringBootTestContextBootstrapper - Found @SpringBootConfiguration tgb.cryptoexchange.apiclients.ApiClientsApplication for test class tgb.cryptoexchange.apiclients.service.integration.ClientRestControllerIT
2026-05-15 14:05:08.697 [Test worker] INFO  o.s.g.s.l.GrpcServerLifecycle - Completed gRPC server shutdown
2026-05-15 14:05:09.030 [Test worker] INFO  o.s.d.r.c.RepositoryConfigurationDelegate - Bootstrapping Spring Data JPA repositories in DEFAULT mode.
2026-05-15 14:05:09.046 [Test worker] INFO  o.s.d.r.c.RepositoryConfigurationDelegate - Finished Spring Data repository scanning in 14 ms. Found 3 JPA repository interfaces.
2026-05-15 14:05:09.324 [Test worker] INFO  o.s.o.j.p.SpringPersistenceUnitInfo - No LoadTimeWeaver setup: ignoring JPA class transformer
2026-05-15 14:05:09.380 [Test worker] INFO  o.s.o.j.LocalContainerEntityManagerFactoryBean - Initialized JPA EntityManagerFactory for persistence unit 'default'
2026-05-15 14:05:09.636 [Test worker] WARN  o.s.b.j.a.JpaBaseConfiguration$JpaWebConfiguration - spring.jpa.open-in-view is enabled by default. Therefore, database queries may be performed during view rendering. Explicitly configure spring.jpa.open-in-view to disable this warning
2026-05-15 14:05:10.029 [Test worker] INFO  o.s.b.t.m.w.SpringBootMockServletContext - Initializing Spring TestDispatcherServlet ''
2026-05-15 14:05:10.029 [Test worker] INFO  o.s.t.w.s.TestDispatcherServlet - Initializing Servlet ''
2026-05-15 14:05:10.036 [Test worker] INFO  o.s.b.a.e.web.EndpointLinksResolver - Exposing 1 endpoint beneath base path '/actuator'
2026-05-15 14:05:10.049 [Test worker] INFO  o.s.t.w.s.TestDispatcherServlet - Completed initialization in 19 ms
2026-05-15 14:05:10.077 [Test worker] INFO  o.s.g.server.NettyGrpcServerFactory - Registered gRPC service: ClientsService
2026-05-15 14:05:10.078 [Test worker] INFO  o.s.g.server.NettyGrpcServerFactory - Registered gRPC service: SecurityService
2026-05-15 14:05:10.078 [Test worker] INFO  o.s.g.server.NettyGrpcServerFactory - Registered gRPC service: WithdrawalRequestService
2026-05-15 14:05:10.078 [Test worker] INFO  o.s.g.server.NettyGrpcServerFactory - Registered gRPC service: grpc.reflection.v1.ServerReflection
2026-05-15 14:05:10.078 [Test worker] INFO  o.s.g.server.NettyGrpcServerFactory - Registered gRPC service: grpc.health.v1.Health
2026-05-15 14:05:10.099 [Test worker] INFO  o.s.g.s.l.GrpcServerLifecycle - gRPC Server started, listening on address: [/[0:0:0:0:0:0:0:0]:9090]
2026-05-15 14:05:11.561 [Test worker] INFO  o.s.t.c.s.AnnotationConfigContextLoaderUtils - Could not detect default configuration classes for test class [tgb.cryptoexchange.apiclients.service.integration.ClientsServiceIT]: ClientsServiceIT does not declare any static, non-private, non-final, nested classes annotated with @Configuration.
2026-05-15 14:05:11.563 [Test worker] INFO  o.s.b.t.c.SpringBootTestContextBootstrapper - Found @SpringBootConfiguration tgb.cryptoexchange.apiclients.ApiClientsApplication for test class tgb.cryptoexchange.apiclients.service.integration.ClientsServiceIT
2026-05-15 14:05:11.564 [Test worker] INFO  o.s.t.c.s.AnnotationConfigContextLoaderUtils - Could not detect default configuration classes for test class [tgb.cryptoexchange.apiclients.service.integration.ClientsServiceIT]: ClientsServiceIT does not declare any static, non-private, non-final, nested classes annotated with @Configuration.
2026-05-15 14:05:11.564 [Test worker] INFO  o.s.t.c.s.AnnotationConfigContextLoaderUtils - Could not detect default configuration classes for test class [tgb.cryptoexchange.apiclients.service.integration.BaseIntegrationTest]: BaseIntegrationTest does not declare any static, non-private, non-final, nested classes annotated with @Configuration.
2026-05-15 14:05:11.565 [Test worker] INFO  o.s.b.t.c.SpringBootTestContextBootstrapper - Found @SpringBootConfiguration tgb.cryptoexchange.apiclients.ApiClientsApplication for test class tgb.cryptoexchange.apiclients.service.integration.ClientsServiceIT
2026-05-15 14:05:11.568 [Test worker] INFO  o.s.g.s.l.GrpcServerLifecycle - Completed gRPC server shutdown
2026-05-15 14:05:11.856 [Test worker] INFO  o.s.d.r.c.RepositoryConfigurationDelegate - Bootstrapping Spring Data JPA repositories in DEFAULT mode.
2026-05-15 14:05:11.872 [Test worker] INFO  o.s.d.r.c.RepositoryConfigurationDelegate - Finished Spring Data repository scanning in 14 ms. Found 3 JPA repository interfaces.
2026-05-15 14:05:12.081 [Test worker] INFO  o.s.o.j.p.SpringPersistenceUnitInfo - No LoadTimeWeaver setup: ignoring JPA class transformer
2026-05-15 14:05:12.149 [Test worker] INFO  o.s.o.j.LocalContainerEntityManagerFactoryBean - Initialized JPA EntityManagerFactory for persistence unit 'default'
2026-05-15 14:05:12.403 [Test worker] WARN  o.s.b.j.a.JpaBaseConfiguration$JpaWebConfiguration - spring.jpa.open-in-view is enabled by default. Therefore, database queries may be performed during view rendering. Explicitly configure spring.jpa.open-in-view to disable this warning
2026-05-15 14:05:12.701 [Test worker] INFO  o.s.b.a.e.web.EndpointLinksResolver - Exposing 1 endpoint beneath base path '/actuator'
2026-05-15 14:05:12.714 [Test worker] INFO  o.s.g.server.NettyGrpcServerFactory - Registered gRPC service: ClientsService
2026-05-15 14:05:12.715 [Test worker] INFO  o.s.g.server.NettyGrpcServerFactory - Registered gRPC service: SecurityService
2026-05-15 14:05:12.715 [Test worker] INFO  o.s.g.server.NettyGrpcServerFactory - Registered gRPC service: WithdrawalRequestService
2026-05-15 14:05:12.715 [Test worker] INFO  o.s.g.server.NettyGrpcServerFactory - Registered gRPC service: grpc.reflection.v1.ServerReflection
2026-05-15 14:05:12.715 [Test worker] INFO  o.s.g.server.NettyGrpcServerFactory - Registered gRPC service: grpc.health.v1.Health
2026-05-15 14:05:12.728 [Test worker] INFO  o.s.g.s.l.GrpcServerLifecycle - gRPC Server started, listening on address: [/[0:0:0:0:0:0:0:0]:9090]
2026-05-15 14:05:13.745 [Test worker] INFO  o.s.t.c.s.AnnotationConfigContextLoaderUtils - Could not detect default configuration classes for test class [tgb.cryptoexchange.apiclients.service.integration.SecurityServiceIT]: SecurityServiceIT does not declare any static, non-private, non-final, nested classes annotated with @Configuration.
2026-05-15 14:05:13.747 [Test worker] INFO  o.s.b.t.c.SpringBootTestContextBootstrapper - Found @SpringBootConfiguration tgb.cryptoexchange.apiclients.ApiClientsApplication for test class tgb.cryptoexchange.apiclients.service.integration.SecurityServiceIT
2026-05-15 14:05:13.748 [Test worker] INFO  o.s.t.c.s.AnnotationConfigContextLoaderUtils - Could not detect default configuration classes for test class [tgb.cryptoexchange.apiclients.service.integration.SecurityServiceIT]: SecurityServiceIT does not declare any static, non-private, non-final, nested classes annotated with @Configuration.
2026-05-15 14:05:13.748 [Test worker] INFO  o.s.t.c.s.AnnotationConfigContextLoaderUtils - Could not detect default configuration classes for test class [tgb.cryptoexchange.apiclients.service.integration.BaseIntegrationTest]: BaseIntegrationTest does not declare any static, non-private, non-final, nested classes annotated with @Configuration.
2026-05-15 14:05:13.749 [Test worker] INFO  o.s.b.t.c.SpringBootTestContextBootstrapper - Found @SpringBootConfiguration tgb.cryptoexchange.apiclients.ApiClientsApplication for test class tgb.cryptoexchange.apiclients.service.integration.SecurityServiceIT
2026-05-15 14:05:13.779 [Test worker] INFO  o.s.t.c.s.AnnotationConfigContextLoaderUtils - Could not detect default configuration classes for test class [tgb.cryptoexchange.apiclients.service.integration.WithdrawalIT]: WithdrawalIT does not declare any static, non-private, non-final, nested classes annotated with @Configuration.
2026-05-15 14:05:13.780 [Test worker] INFO  o.s.b.t.c.SpringBootTestContextBootstrapper - Found @SpringBootConfiguration tgb.cryptoexchange.apiclients.ApiClientsApplication for test class tgb.cryptoexchange.apiclients.service.integration.WithdrawalIT
2026-05-15 14:05:13.781 [Test worker] INFO  o.s.t.c.s.AnnotationConfigContextLoaderUtils - Could not detect default configuration classes for test class [tgb.cryptoexchange.apiclients.service.integration.WithdrawalIT]: WithdrawalIT does not declare any static, non-private, non-final, nested classes annotated with @Configuration.
2026-05-15 14:05:13.782 [Test worker] INFO  o.s.t.c.s.AnnotationConfigContextLoaderUtils - Could not detect default configuration classes for test class [tgb.cryptoexchange.apiclients.service.integration.BaseIntegrationTest]: BaseIntegrationTest does not declare any static, non-private, non-final, nested classes annotated with @Configuration.
2026-05-15 14:05:13.783 [Test worker] INFO  o.s.b.t.c.SpringBootTestContextBootstrapper - Found @SpringBootConfiguration tgb.cryptoexchange.apiclients.ApiClientsApplication for test class tgb.cryptoexchange.apiclients.service.integration.WithdrawalIT
2026-05-15 14:05:17.639 [SpringApplicationShutdownHook] INFO  o.s.o.j.LocalContainerEntityManagerFactoryBean - Closing JPA EntityManagerFactory for persistence unit 'default'
2026-05-15 14:05:17.660 [SpringApplicationShutdownHook] INFO  o.s.o.j.LocalContainerEntityManagerFactoryBean - Closing JPA EntityManagerFactory for persistence unit 'default'
2026-05-15 14:05:17.670 [SpringApplicationShutdownHook] INFO  o.s.g.s.l.GrpcServerLifecycle - Completed gRPC server shutdown
2026-05-15 14:05:17.693 [SpringApplicationShutdownHook] INFO  o.s.o.j.LocalContainerEntityManagerFactoryBean - Closing JPA EntityManagerFactory for persistence unit 'default'
2026-05-17 14:30:38.388 [Test worker] INFO  o.s.d.r.c.RepositoryConfigurationDelegate - Bootstrapping Spring Data JPA repositories in DEFAULT mode.
2026-05-17 14:30:38.718 [Test worker] INFO  o.s.d.r.c.RepositoryConfigurationDelegate - Finished Spring Data repository scanning in 312 ms. Found 3 JPA repository interfaces.
2026-05-17 14:30:43.868 [Test worker] INFO  o.s.o.j.p.SpringPersistenceUnitInfo - No LoadTimeWeaver setup: ignoring JPA class transformer
2026-05-17 14:30:46.168 [Test worker] INFO  o.s.o.j.LocalContainerEntityManagerFactoryBean - Initialized JPA EntityManagerFactory for persistence unit 'default'
2026-05-17 14:30:46.396 [Test worker] INFO  o.s.d.j.r.q.QueryEnhancerFactories - Hibernate is in classpath; If applicable, HQL parser will be used.
2026-05-17 14:30:50.020 [Test worker] WARN  o.s.b.j.a.JpaBaseConfiguration$JpaWebConfiguration - spring.jpa.open-in-view is enabled by default. Therefore, database queries may be performed during view rendering. Explicitly configure spring.jpa.open-in-view to disable this warning
2026-05-17 14:30:52.002 [Test worker] INFO  o.s.b.a.e.web.EndpointLinksResolver - Exposing 1 endpoint beneath base path '/actuator'
2026-05-17 14:30:52.326 [Test worker] INFO  o.s.g.server.NettyGrpcServerFactory - Registered gRPC service: ClientsService
2026-05-17 14:30:52.328 [Test worker] INFO  o.s.g.server.NettyGrpcServerFactory - Registered gRPC service: SecurityService
2026-05-17 14:30:52.328 [Test worker] INFO  o.s.g.server.NettyGrpcServerFactory - Registered gRPC service: WithdrawalRequestService
2026-05-17 14:30:52.328 [Test worker] INFO  o.s.g.server.NettyGrpcServerFactory - Registered gRPC service: grpc.reflection.v1.ServerReflection
2026-05-17 14:30:52.328 [Test worker] INFO  o.s.g.server.NettyGrpcServerFactory - Registered gRPC service: grpc.health.v1.Health
2026-05-17 14:30:52.627 [Test worker] INFO  o.s.g.s.l.GrpcServerLifecycle - gRPC Server started, listening on address: [/[0:0:0:0:0:0:0:0]:9090]
2026-05-17 14:30:55.472 [SpringApplicationShutdownHook] INFO  o.s.g.s.l.GrpcServerLifecycle - Completed gRPC server shutdown
2026-05-17 14:30:55.488 [SpringApplicationShutdownHook] INFO  o.s.o.j.LocalContainerEntityManagerFactoryBean - Closing JPA EntityManagerFactory for persistence unit 'default'
2026-05-17 14:38:37.432 [Test worker] INFO  o.s.d.r.c.RepositoryConfigurationDelegate - Bootstrapping Spring Data JPA repositories in DEFAULT mode.
2026-05-17 14:38:37.702 [Test worker] INFO  o.s.d.r.c.RepositoryConfigurationDelegate - Finished Spring Data repository scanning in 249 ms. Found 3 JPA repository interfaces.
2026-05-17 14:38:41.817 [Test worker] INFO  o.s.o.j.p.SpringPersistenceUnitInfo - No LoadTimeWeaver setup: ignoring JPA class transformer
2026-05-17 14:38:43.582 [Test worker] INFO  o.s.o.j.LocalContainerEntityManagerFactoryBean - Initialized JPA EntityManagerFactory for persistence unit 'default'
2026-05-17 14:38:43.804 [Test worker] INFO  o.s.d.j.r.q.QueryEnhancerFactories - Hibernate is in classpath; If applicable, HQL parser will be used.
2026-05-17 14:38:47.027 [Test worker] WARN  o.s.b.j.a.JpaBaseConfiguration$JpaWebConfiguration - spring.jpa.open-in-view is enabled by default. Therefore, database queries may be performed during view rendering. Explicitly configure spring.jpa.open-in-view to disable this warning
2026-05-17 14:38:48.778 [Test worker] INFO  o.s.b.a.e.web.EndpointLinksResolver - Exposing 1 endpoint beneath base path '/actuator'
2026-05-17 14:38:49.034 [Test worker] INFO  o.s.g.server.NettyGrpcServerFactory - Registered gRPC service: ClientsService
2026-05-17 14:38:49.036 [Test worker] INFO  o.s.g.server.NettyGrpcServerFactory - Registered gRPC service: SecurityService
2026-05-17 14:38:49.036 [Test worker] INFO  o.s.g.server.NettyGrpcServerFactory - Registered gRPC service: WithdrawalRequestService
2026-05-17 14:38:49.036 [Test worker] INFO  o.s.g.server.NettyGrpcServerFactory - Registered gRPC service: grpc.reflection.v1.ServerReflection
2026-05-17 14:38:49.036 [Test worker] INFO  o.s.g.server.NettyGrpcServerFactory - Registered gRPC service: grpc.health.v1.Health
2026-05-17 14:38:49.309 [Test worker] INFO  o.s.g.s.l.GrpcServerLifecycle - gRPC Server started, listening on address: [/[0:0:0:0:0:0:0:0]:9090]
2026-05-17 14:38:50.260 [Test worker] INFO  o.s.t.c.s.AnnotationConfigContextLoaderUtils - Could not detect default configuration classes for test class [tgb.cryptoexchange.apiclients.service.integration.ClientRestControllerIT]: ClientRestControllerIT does not declare any static, non-private, non-final, nested classes annotated with @Configuration.
2026-05-17 14:38:50.280 [Test worker] INFO  o.s.b.t.c.SpringBootTestContextBootstrapper - Found @SpringBootConfiguration tgb.cryptoexchange.apiclients.ApiClientsApplication for test class tgb.cryptoexchange.apiclients.service.integration.ClientRestControllerIT
2026-05-17 14:38:50.282 [Test worker] INFO  o.s.t.c.s.AnnotationConfigContextLoaderUtils - Could not detect default configuration classes for test class [tgb.cryptoexchange.apiclients.service.integration.ClientRestControllerIT]: ClientRestControllerIT does not declare any static, non-private, non-final, nested classes annotated with @Configuration.
2026-05-17 14:38:50.282 [Test worker] INFO  o.s.t.c.s.AnnotationConfigContextLoaderUtils - Could not detect default configuration classes for test class [tgb.cryptoexchange.apiclients.service.integration.BaseIntegrationTest]: BaseIntegrationTest does not declare any static, non-private, non-final, nested classes annotated with @Configuration.
2026-05-17 14:38:50.285 [Test worker] INFO  o.s.b.t.c.SpringBootTestContextBootstrapper - Found @SpringBootConfiguration tgb.cryptoexchange.apiclients.ApiClientsApplication for test class tgb.cryptoexchange.apiclients.service.integration.ClientRestControllerIT
2026-05-17 14:38:50.301 [Test worker] INFO  o.s.g.s.l.GrpcServerLifecycle - Completed gRPC server shutdown
2026-05-17 14:38:50.730 [Test worker] INFO  o.s.d.r.c.RepositoryConfigurationDelegate - Bootstrapping Spring Data JPA repositories in DEFAULT mode.
2026-05-17 14:38:50.751 [Test worker] INFO  o.s.d.r.c.RepositoryConfigurationDelegate - Finished Spring Data repository scanning in 17 ms. Found 3 JPA repository interfaces.
2026-05-17 14:38:51.211 [Test worker] INFO  o.s.o.j.p.SpringPersistenceUnitInfo - No LoadTimeWeaver setup: ignoring JPA class transformer
2026-05-17 14:38:51.280 [Test worker] INFO  o.s.o.j.LocalContainerEntityManagerFactoryBean - Initialized JPA EntityManagerFactory for persistence unit 'default'
2026-05-17 14:38:52.103 [Test worker] WARN  o.s.b.j.a.JpaBaseConfiguration$JpaWebConfiguration - spring.jpa.open-in-view is enabled by default. Therefore, database queries may be performed during view rendering. Explicitly configure spring.jpa.open-in-view to disable this warning
2026-05-17 14:38:52.570 [Test worker] INFO  o.s.b.t.m.w.SpringBootMockServletContext - Initializing Spring TestDispatcherServlet ''
2026-05-17 14:38:52.570 [Test worker] INFO  o.s.t.w.s.TestDispatcherServlet - Initializing Servlet ''
2026-05-17 14:38:52.578 [Test worker] INFO  o.s.b.a.e.web.EndpointLinksResolver - Exposing 1 endpoint beneath base path '/actuator'
2026-05-17 14:38:52.593 [Test worker] INFO  o.s.t.w.s.TestDispatcherServlet - Completed initialization in 23 ms
2026-05-17 14:38:52.625 [Test worker] INFO  o.s.g.server.NettyGrpcServerFactory - Registered gRPC service: ClientsService
2026-05-17 14:38:52.626 [Test worker] INFO  o.s.g.server.NettyGrpcServerFactory - Registered gRPC service: SecurityService
2026-05-17 14:38:52.626 [Test worker] INFO  o.s.g.server.NettyGrpcServerFactory - Registered gRPC service: WithdrawalRequestService
2026-05-17 14:38:52.626 [Test worker] INFO  o.s.g.server.NettyGrpcServerFactory - Registered gRPC service: grpc.reflection.v1.ServerReflection
2026-05-17 14:38:52.626 [Test worker] INFO  o.s.g.server.NettyGrpcServerFactory - Registered gRPC service: grpc.health.v1.Health
2026-05-17 14:38:52.644 [Test worker] INFO  o.s.g.s.l.GrpcServerLifecycle - gRPC Server started, listening on address: [/[0:0:0:0:0:0:0:0]:9090]
2026-05-17 14:38:54.829 [Test worker] INFO  o.s.t.c.s.AnnotationConfigContextLoaderUtils - Could not detect default configuration classes for test class [tgb.cryptoexchange.apiclients.service.integration.ClientsServiceIT]: ClientsServiceIT does not declare any static, non-private, non-final, nested classes annotated with @Configuration.
2026-05-17 14:38:54.831 [Test worker] INFO  o.s.b.t.c.SpringBootTestContextBootstrapper - Found @SpringBootConfiguration tgb.cryptoexchange.apiclients.ApiClientsApplication for test class tgb.cryptoexchange.apiclients.service.integration.ClientsServiceIT
2026-05-17 14:38:54.833 [Test worker] INFO  o.s.t.c.s.AnnotationConfigContextLoaderUtils - Could not detect default configuration classes for test class [tgb.cryptoexchange.apiclients.service.integration.ClientsServiceIT]: ClientsServiceIT does not declare any static, non-private, non-final, nested classes annotated with @Configuration.
2026-05-17 14:38:54.833 [Test worker] INFO  o.s.t.c.s.AnnotationConfigContextLoaderUtils - Could not detect default configuration classes for test class [tgb.cryptoexchange.apiclients.service.integration.BaseIntegrationTest]: BaseIntegrationTest does not declare any static, non-private, non-final, nested classes annotated with @Configuration.
2026-05-17 14:38:54.835 [Test worker] INFO  o.s.b.t.c.SpringBootTestContextBootstrapper - Found @SpringBootConfiguration tgb.cryptoexchange.apiclients.ApiClientsApplication for test class tgb.cryptoexchange.apiclients.service.integration.ClientsServiceIT
2026-05-17 14:38:54.841 [Test worker] INFO  o.s.g.s.l.GrpcServerLifecycle - Completed gRPC server shutdown
2026-05-17 14:38:55.180 [Test worker] INFO  o.s.d.r.c.RepositoryConfigurationDelegate - Bootstrapping Spring Data JPA repositories in DEFAULT mode.
2026-05-17 14:38:55.202 [Test worker] INFO  o.s.d.r.c.RepositoryConfigurationDelegate - Finished Spring Data repository scanning in 19 ms. Found 3 JPA repository interfaces.
2026-05-17 14:38:55.479 [Test worker] INFO  o.s.o.j.p.SpringPersistenceUnitInfo - No LoadTimeWeaver setup: ignoring JPA class transformer
2026-05-17 14:38:55.545 [Test worker] INFO  o.s.o.j.LocalContainerEntityManagerFactoryBean - Initialized JPA EntityManagerFactory for persistence unit 'default'
2026-05-17 14:38:55.791 [Test worker] WARN  o.s.b.j.a.JpaBaseConfiguration$JpaWebConfiguration - spring.jpa.open-in-view is enabled by default. Therefore, database queries may be performed during view rendering. Explicitly configure spring.jpa.open-in-view to disable this warning
2026-05-17 14:38:56.146 [Test worker] INFO  o.s.b.a.e.web.EndpointLinksResolver - Exposing 1 endpoint beneath base path '/actuator'
2026-05-17 14:38:56.164 [Test worker] INFO  o.s.g.server.NettyGrpcServerFactory - Registered gRPC service: ClientsService
2026-05-17 14:38:56.164 [Test worker] INFO  o.s.g.server.NettyGrpcServerFactory - Registered gRPC service: SecurityService
2026-05-17 14:38:56.164 [Test worker] INFO  o.s.g.server.NettyGrpcServerFactory - Registered gRPC service: WithdrawalRequestService
2026-05-17 14:38:56.164 [Test worker] INFO  o.s.g.server.NettyGrpcServerFactory - Registered gRPC service: grpc.reflection.v1.ServerReflection
2026-05-17 14:38:56.164 [Test worker] INFO  o.s.g.server.NettyGrpcServerFactory - Registered gRPC service: grpc.health.v1.Health
2026-05-17 14:38:56.176 [Test worker] INFO  o.s.g.s.l.GrpcServerLifecycle - gRPC Server started, listening on address: [/[0:0:0:0:0:0:0:0]:9090]
2026-05-17 14:38:58.075 [Test worker] INFO  o.s.t.c.s.AnnotationConfigContextLoaderUtils - Could not detect default configuration classes for test class [tgb.cryptoexchange.apiclients.service.integration.SecurityServiceIT]: SecurityServiceIT does not declare any static, non-private, non-final, nested classes annotated with @Configuration.
2026-05-17 14:38:58.078 [Test worker] INFO  o.s.b.t.c.SpringBootTestContextBootstrapper - Found @SpringBootConfiguration tgb.cryptoexchange.apiclients.ApiClientsApplication for test class tgb.cryptoexchange.apiclients.service.integration.SecurityServiceIT
2026-05-17 14:38:58.079 [Test worker] INFO  o.s.t.c.s.AnnotationConfigContextLoaderUtils - Could not detect default configuration classes for test class [tgb.cryptoexchange.apiclients.service.integration.SecurityServiceIT]: SecurityServiceIT does not declare any static, non-private, non-final, nested classes annotated with @Configuration.
2026-05-17 14:38:58.079 [Test worker] INFO  o.s.t.c.s.AnnotationConfigContextLoaderUtils - Could not detect default configuration classes for test class [tgb.cryptoexchange.apiclients.service.integration.BaseIntegrationTest]: BaseIntegrationTest does not declare any static, non-private, non-final, nested classes annotated with @Configuration.
2026-05-17 14:38:58.079 [Test worker] INFO  o.s.b.t.c.SpringBootTestContextBootstrapper - Found @SpringBootConfiguration tgb.cryptoexchange.apiclients.ApiClientsApplication for test class tgb.cryptoexchange.apiclients.service.integration.SecurityServiceIT
2026-05-17 14:38:58.137 [Test worker] INFO  o.s.t.c.s.AnnotationConfigContextLoaderUtils - Could not detect default configuration classes for test class [tgb.cryptoexchange.apiclients.service.integration.WithdrawalIT]: WithdrawalIT does not declare any static, non-private, non-final, nested classes annotated with @Configuration.
2026-05-17 14:38:58.140 [Test worker] INFO  o.s.b.t.c.SpringBootTestContextBootstrapper - Found @SpringBootConfiguration tgb.cryptoexchange.apiclients.ApiClientsApplication for test class tgb.cryptoexchange.apiclients.service.integration.WithdrawalIT
2026-05-17 14:38:58.142 [Test worker] INFO  o.s.t.c.s.AnnotationConfigContextLoaderUtils - Could not detect default configuration classes for test class [tgb.cryptoexchange.apiclients.service.integration.WithdrawalIT]: WithdrawalIT does not declare any static, non-private, non-final, nested classes annotated with @Configuration.
2026-05-17 14:38:58.142 [Test worker] INFO  o.s.t.c.s.AnnotationConfigContextLoaderUtils - Could not detect default configuration classes for test class [tgb.cryptoexchange.apiclients.service.integration.BaseIntegrationTest]: BaseIntegrationTest does not declare any static, non-private, non-final, nested classes annotated with @Configuration.
2026-05-17 14:38:58.144 [Test worker] INFO  o.s.b.t.c.SpringBootTestContextBootstrapper - Found @SpringBootConfiguration tgb.cryptoexchange.apiclients.ApiClientsApplication for test class tgb.cryptoexchange.apiclients.service.integration.WithdrawalIT
2026-05-17 14:39:03.584 [SpringApplicationShutdownHook] INFO  o.s.o.j.LocalContainerEntityManagerFactoryBean - Closing JPA EntityManagerFactory for persistence unit 'default'
2026-05-17 14:39:03.623 [SpringApplicationShutdownHook] INFO  o.s.o.j.LocalContainerEntityManagerFactoryBean - Closing JPA EntityManagerFactory for persistence unit 'default'
2026-05-17 14:39:03.638 [SpringApplicationShutdownHook] INFO  o.s.g.s.l.GrpcServerLifecycle - Completed gRPC server shutdown
2026-05-17 14:39:03.659 [SpringApplicationShutdownHook] INFO  o.s.o.j.LocalContainerEntityManagerFactoryBean - Closing JPA EntityManagerFactory for persistence unit 'default'
2026-05-17 14:45:47.777 [Test worker] INFO  o.s.d.r.c.RepositoryConfigurationDelegate - Bootstrapping Spring Data JPA repositories in DEFAULT mode.
2026-05-17 14:45:48.015 [Test worker] INFO  o.s.d.r.c.RepositoryConfigurationDelegate - Finished Spring Data repository scanning in 223 ms. Found 3 JPA repository interfaces.
2026-05-17 14:45:51.392 [Test worker] INFO  o.s.o.j.p.SpringPersistenceUnitInfo - No LoadTimeWeaver setup: ignoring JPA class transformer
2026-05-17 14:45:52.822 [Test worker] INFO  o.s.o.j.LocalContainerEntityManagerFactoryBean - Initialized JPA EntityManagerFactory for persistence unit 'default'
2026-05-17 14:45:53.017 [Test worker] INFO  o.s.d.j.r.q.QueryEnhancerFactories - Hibernate is in classpath; If applicable, HQL parser will be used.
2026-05-17 14:45:55.271 [Test worker] WARN  o.s.b.j.a.JpaBaseConfiguration$JpaWebConfiguration - spring.jpa.open-in-view is enabled by default. Therefore, database queries may be performed during view rendering. Explicitly configure spring.jpa.open-in-view to disable this warning
2026-05-17 14:45:56.630 [Test worker] INFO  o.s.b.a.e.web.EndpointLinksResolver - Exposing 1 endpoint beneath base path '/actuator'
2026-05-17 14:45:56.821 [Test worker] INFO  o.s.g.server.NettyGrpcServerFactory - Registered gRPC service: ClientsService
2026-05-17 14:45:56.821 [Test worker] INFO  o.s.g.server.NettyGrpcServerFactory - Registered gRPC service: SecurityService
2026-05-17 14:45:56.821 [Test worker] INFO  o.s.g.server.NettyGrpcServerFactory - Registered gRPC service: WithdrawalRequestService
2026-05-17 14:45:56.821 [Test worker] INFO  o.s.g.server.NettyGrpcServerFactory - Registered gRPC service: grpc.reflection.v1.ServerReflection
2026-05-17 14:45:56.824 [Test worker] INFO  o.s.g.server.NettyGrpcServerFactory - Registered gRPC service: grpc.health.v1.Health
2026-05-17 14:45:57.046 [Test worker] INFO  o.s.g.s.l.GrpcServerLifecycle - gRPC Server started, listening on address: [/[0:0:0:0:0:0:0:0]:9090]
2026-05-17 14:46:24.335 [SpringApplicationShutdownHook] INFO  o.s.g.s.l.GrpcServerLifecycle - Completed gRPC server shutdown
2026-05-17 14:46:24.348 [SpringApplicationShutdownHook] INFO  o.s.o.j.LocalContainerEntityManagerFactoryBean - Closing JPA EntityManagerFactory for persistence unit 'default'
2026-05-17 14:47:32.596 [Test worker] INFO  o.s.d.r.c.RepositoryConfigurationDelegate - Bootstrapping Spring Data JPA repositories in DEFAULT mode.
2026-05-17 14:47:32.882 [Test worker] INFO  o.s.d.r.c.RepositoryConfigurationDelegate - Finished Spring Data repository scanning in 266 ms. Found 3 JPA repository interfaces.
2026-05-17 14:47:37.311 [Test worker] INFO  o.s.o.j.p.SpringPersistenceUnitInfo - No LoadTimeWeaver setup: ignoring JPA class transformer
2026-05-17 14:47:38.932 [Test worker] INFO  o.s.o.j.LocalContainerEntityManagerFactoryBean - Initialized JPA EntityManagerFactory for persistence unit 'default'
2026-05-17 14:47:39.153 [Test worker] INFO  o.s.d.j.r.q.QueryEnhancerFactories - Hibernate is in classpath; If applicable, HQL parser will be used.
2026-05-17 14:47:42.007 [Test worker] WARN  o.s.b.j.a.JpaBaseConfiguration$JpaWebConfiguration - spring.jpa.open-in-view is enabled by default. Therefore, database queries may be performed during view rendering. Explicitly configure spring.jpa.open-in-view to disable this warning
2026-05-17 14:47:43.615 [Test worker] INFO  o.s.b.a.e.web.EndpointLinksResolver - Exposing 1 endpoint beneath base path '/actuator'
2026-05-17 14:47:43.879 [Test worker] INFO  o.s.g.server.NettyGrpcServerFactory - Registered gRPC service: ClientsService
2026-05-17 14:47:43.879 [Test worker] INFO  o.s.g.server.NettyGrpcServerFactory - Registered gRPC service: SecurityService
2026-05-17 14:47:43.879 [Test worker] INFO  o.s.g.server.NettyGrpcServerFactory - Registered gRPC service: WithdrawalRequestService
2026-05-17 14:47:43.879 [Test worker] INFO  o.s.g.server.NettyGrpcServerFactory - Registered gRPC service: grpc.reflection.v1.ServerReflection
2026-05-17 14:47:43.879 [Test worker] INFO  o.s.g.server.NettyGrpcServerFactory - Registered gRPC service: grpc.health.v1.Health
2026-05-17 14:47:44.123 [Test worker] INFO  o.s.g.s.l.GrpcServerLifecycle - gRPC Server started, listening on address: [/[0:0:0:0:0:0:0:0]:9090]
2026-05-17 14:47:45.039 [Test worker] INFO  o.s.t.c.s.AnnotationConfigContextLoaderUtils - Could not detect default configuration classes for test class [tgb.cryptoexchange.apiclients.service.integration.ClientRestControllerIT]: ClientRestControllerIT does not declare any static, non-private, non-final, nested classes annotated with @Configuration.
2026-05-17 14:47:45.063 [Test worker] INFO  o.s.b.t.c.SpringBootTestContextBootstrapper - Found @SpringBootConfiguration tgb.cryptoexchange.apiclients.ApiClientsApplication for test class tgb.cryptoexchange.apiclients.service.integration.ClientRestControllerIT
2026-05-17 14:47:45.065 [Test worker] INFO  o.s.t.c.s.AnnotationConfigContextLoaderUtils - Could not detect default configuration classes for test class [tgb.cryptoexchange.apiclients.service.integration.ClientRestControllerIT]: ClientRestControllerIT does not declare any static, non-private, non-final, nested classes annotated with @Configuration.
2026-05-17 14:47:45.067 [Test worker] INFO  o.s.t.c.s.AnnotationConfigContextLoaderUtils - Could not detect default configuration classes for test class [tgb.cryptoexchange.apiclients.service.integration.BaseIntegrationTest]: BaseIntegrationTest does not declare any static, non-private, non-final, nested classes annotated with @Configuration.
2026-05-17 14:47:45.072 [Test worker] INFO  o.s.b.t.c.SpringBootTestContextBootstrapper - Found @SpringBootConfiguration tgb.cryptoexchange.apiclients.ApiClientsApplication for test class tgb.cryptoexchange.apiclients.service.integration.ClientRestControllerIT
2026-05-17 14:47:45.087 [Test worker] INFO  o.s.g.s.l.GrpcServerLifecycle - Completed gRPC server shutdown
2026-05-17 14:47:45.612 [Test worker] INFO  o.s.d.r.c.RepositoryConfigurationDelegate - Bootstrapping Spring Data JPA repositories in DEFAULT mode.
2026-05-17 14:47:45.637 [Test worker] INFO  o.s.d.r.c.RepositoryConfigurationDelegate - Finished Spring Data repository scanning in 24 ms. Found 3 JPA repository interfaces.
2026-05-17 14:47:46.136 [Test worker] INFO  o.s.o.j.p.SpringPersistenceUnitInfo - No LoadTimeWeaver setup: ignoring JPA class transformer
2026-05-17 14:47:46.228 [Test worker] INFO  o.s.o.j.LocalContainerEntityManagerFactoryBean - Initialized JPA EntityManagerFactory for persistence unit 'default'
2026-05-17 14:47:46.656 [Test worker] WARN  o.s.b.j.a.JpaBaseConfiguration$JpaWebConfiguration - spring.jpa.open-in-view is enabled by default. Therefore, database queries may be performed during view rendering. Explicitly configure spring.jpa.open-in-view to disable this warning
2026-05-17 14:47:47.229 [Test worker] INFO  o.s.b.t.m.w.SpringBootMockServletContext - Initializing Spring TestDispatcherServlet ''
2026-05-17 14:47:47.231 [Test worker] INFO  o.s.t.w.s.TestDispatcherServlet - Initializing Servlet ''
2026-05-17 14:47:47.237 [Test worker] INFO  o.s.b.a.e.web.EndpointLinksResolver - Exposing 1 endpoint beneath base path '/actuator'
2026-05-17 14:47:47.248 [Test worker] INFO  o.s.t.w.s.TestDispatcherServlet - Completed initialization in 17 ms
2026-05-17 14:47:47.277 [Test worker] INFO  o.s.g.server.NettyGrpcServerFactory - Registered gRPC service: ClientsService
2026-05-17 14:47:47.277 [Test worker] INFO  o.s.g.server.NettyGrpcServerFactory - Registered gRPC service: SecurityService
2026-05-17 14:47:47.278 [Test worker] INFO  o.s.g.server.NettyGrpcServerFactory - Registered gRPC service: WithdrawalRequestService
2026-05-17 14:47:47.278 [Test worker] INFO  o.s.g.server.NettyGrpcServerFactory - Registered gRPC service: grpc.reflection.v1.ServerReflection
2026-05-17 14:47:47.278 [Test worker] INFO  o.s.g.server.NettyGrpcServerFactory - Registered gRPC service: grpc.health.v1.Health
2026-05-17 14:47:47.298 [Test worker] INFO  o.s.g.s.l.GrpcServerLifecycle - gRPC Server started, listening on address: [/[0:0:0:0:0:0:0:0]:9090]
2026-05-17 14:47:49.868 [Test worker] INFO  o.s.t.c.s.AnnotationConfigContextLoaderUtils - Could not detect default configuration classes for test class [tgb.cryptoexchange.apiclients.service.integration.ClientsServiceIT]: ClientsServiceIT does not declare any static, non-private, non-final, nested classes annotated with @Configuration.
2026-05-17 14:47:49.872 [Test worker] INFO  o.s.b.t.c.SpringBootTestContextBootstrapper - Found @SpringBootConfiguration tgb.cryptoexchange.apiclients.ApiClientsApplication for test class tgb.cryptoexchange.apiclients.service.integration.ClientsServiceIT
2026-05-17 14:47:49.874 [Test worker] INFO  o.s.t.c.s.AnnotationConfigContextLoaderUtils - Could not detect default configuration classes for test class [tgb.cryptoexchange.apiclients.service.integration.ClientsServiceIT]: ClientsServiceIT does not declare any static, non-private, non-final, nested classes annotated with @Configuration.
2026-05-17 14:47:49.874 [Test worker] INFO  o.s.t.c.s.AnnotationConfigContextLoaderUtils - Could not detect default configuration classes for test class [tgb.cryptoexchange.apiclients.service.integration.BaseIntegrationTest]: BaseIntegrationTest does not declare any static, non-private, non-final, nested classes annotated with @Configuration.
2026-05-17 14:47:49.874 [Test worker] INFO  o.s.b.t.c.SpringBootTestContextBootstrapper - Found @SpringBootConfiguration tgb.cryptoexchange.apiclients.ApiClientsApplication for test class tgb.cryptoexchange.apiclients.service.integration.ClientsServiceIT
2026-05-17 14:47:49.882 [Test worker] INFO  o.s.g.s.l.GrpcServerLifecycle - Completed gRPC server shutdown
2026-05-17 14:47:50.307 [Test worker] INFO  o.s.d.r.c.RepositoryConfigurationDelegate - Bootstrapping Spring Data JPA repositories in DEFAULT mode.
2026-05-17 14:47:50.330 [Test worker] INFO  o.s.d.r.c.RepositoryConfigurationDelegate - Finished Spring Data repository scanning in 22 ms. Found 3 JPA repository interfaces.
2026-05-17 14:47:50.736 [Test worker] INFO  o.s.o.j.p.SpringPersistenceUnitInfo - No LoadTimeWeaver setup: ignoring JPA class transformer
2026-05-17 14:47:50.820 [Test worker] INFO  o.s.o.j.LocalContainerEntityManagerFactoryBean - Initialized JPA EntityManagerFactory for persistence unit 'default'
2026-05-17 14:47:51.181 [Test worker] WARN  o.s.b.j.a.JpaBaseConfiguration$JpaWebConfiguration - spring.jpa.open-in-view is enabled by default. Therefore, database queries may be performed during view rendering. Explicitly configure spring.jpa.open-in-view to disable this warning
2026-05-17 14:47:51.626 [Test worker] INFO  o.s.b.a.e.web.EndpointLinksResolver - Exposing 1 endpoint beneath base path '/actuator'
2026-05-17 14:47:51.651 [Test worker] INFO  o.s.g.server.NettyGrpcServerFactory - Registered gRPC service: ClientsService
2026-05-17 14:47:51.651 [Test worker] INFO  o.s.g.server.NettyGrpcServerFactory - Registered gRPC service: SecurityService
2026-05-17 14:47:51.651 [Test worker] INFO  o.s.g.server.NettyGrpcServerFactory - Registered gRPC service: WithdrawalRequestService
2026-05-17 14:47:51.651 [Test worker] INFO  o.s.g.server.NettyGrpcServerFactory - Registered gRPC service: grpc.reflection.v1.ServerReflection
2026-05-17 14:47:51.651 [Test worker] INFO  o.s.g.server.NettyGrpcServerFactory - Registered gRPC service: grpc.health.v1.Health
2026-05-17 14:47:51.673 [Test worker] INFO  o.s.g.s.l.GrpcServerLifecycle - gRPC Server started, listening on address: [/[0:0:0:0:0:0:0:0]:9090]
2026-05-17 14:47:53.797 [Test worker] INFO  o.s.t.c.s.AnnotationConfigContextLoaderUtils - Could not detect default configuration classes for test class [tgb.cryptoexchange.apiclients.service.integration.SecurityServiceIT]: SecurityServiceIT does not declare any static, non-private, non-final, nested classes annotated with @Configuration.
2026-05-17 14:47:53.800 [Test worker] INFO  o.s.b.t.c.SpringBootTestContextBootstrapper - Found @SpringBootConfiguration tgb.cryptoexchange.apiclients.ApiClientsApplication for test class tgb.cryptoexchange.apiclients.service.integration.SecurityServiceIT
2026-05-17 14:47:53.801 [Test worker] INFO  o.s.t.c.s.AnnotationConfigContextLoaderUtils - Could not detect default configuration classes for test class [tgb.cryptoexchange.apiclients.service.integration.SecurityServiceIT]: SecurityServiceIT does not declare any static, non-private, non-final, nested classes annotated with @Configuration.
2026-05-17 14:47:53.802 [Test worker] INFO  o.s.t.c.s.AnnotationConfigContextLoaderUtils - Could not detect default configuration classes for test class [tgb.cryptoexchange.apiclients.service.integration.BaseIntegrationTest]: BaseIntegrationTest does not declare any static, non-private, non-final, nested classes annotated with @Configuration.
2026-05-17 14:47:53.804 [Test worker] INFO  o.s.b.t.c.SpringBootTestContextBootstrapper - Found @SpringBootConfiguration tgb.cryptoexchange.apiclients.ApiClientsApplication for test class tgb.cryptoexchange.apiclients.service.integration.SecurityServiceIT
2026-05-17 14:47:53.858 [Test worker] INFO  o.s.t.c.s.AnnotationConfigContextLoaderUtils - Could not detect default configuration classes for test class [tgb.cryptoexchange.apiclients.service.integration.WithdrawalIT]: WithdrawalIT does not declare any static, non-private, non-final, nested classes annotated with @Configuration.
2026-05-17 14:47:53.861 [Test worker] INFO  o.s.b.t.c.SpringBootTestContextBootstrapper - Found @SpringBootConfiguration tgb.cryptoexchange.apiclients.ApiClientsApplication for test class tgb.cryptoexchange.apiclients.service.integration.WithdrawalIT
2026-05-17 14:47:53.861 [Test worker] INFO  o.s.t.c.s.AnnotationConfigContextLoaderUtils - Could not detect default configuration classes for test class [tgb.cryptoexchange.apiclients.service.integration.WithdrawalIT]: WithdrawalIT does not declare any static, non-private, non-final, nested classes annotated with @Configuration.
2026-05-17 14:47:53.863 [Test worker] INFO  o.s.t.c.s.AnnotationConfigContextLoaderUtils - Could not detect default configuration classes for test class [tgb.cryptoexchange.apiclients.service.integration.BaseIntegrationTest]: BaseIntegrationTest does not declare any static, non-private, non-final, nested classes annotated with @Configuration.
2026-05-17 14:47:53.865 [Test worker] INFO  o.s.b.t.c.SpringBootTestContextBootstrapper - Found @SpringBootConfiguration tgb.cryptoexchange.apiclients.ApiClientsApplication for test class tgb.cryptoexchange.apiclients.service.integration.WithdrawalIT
2026-05-17 14:48:00.089 [SpringApplicationShutdownHook] INFO  o.s.o.j.LocalContainerEntityManagerFactoryBean - Closing JPA EntityManagerFactory for persistence unit 'default'
2026-05-17 14:48:00.129 [SpringApplicationShutdownHook] INFO  o.s.o.j.LocalContainerEntityManagerFactoryBean - Closing JPA EntityManagerFactory for persistence unit 'default'
2026-05-17 14:48:00.153 [SpringApplicationShutdownHook] INFO  o.s.g.s.l.GrpcServerLifecycle - Completed gRPC server shutdown
2026-05-17 14:48:00.189 [SpringApplicationShutdownHook] INFO  o.s.o.j.LocalContainerEntityManagerFactoryBean - Closing JPA EntityManagerFactory for persistence unit 'default'
2026-05-17 14:50:03.872 [Test worker] INFO  o.s.d.r.c.RepositoryConfigurationDelegate - Bootstrapping Spring Data JPA repositories in DEFAULT mode.
2026-05-17 14:50:04.074 [Test worker] INFO  o.s.d.r.c.RepositoryConfigurationDelegate - Finished Spring Data repository scanning in 190 ms. Found 3 JPA repository interfaces.
2026-05-17 14:50:07.352 [Test worker] INFO  o.s.o.j.p.SpringPersistenceUnitInfo - No LoadTimeWeaver setup: ignoring JPA class transformer
2026-05-17 14:50:08.643 [Test worker] INFO  o.s.o.j.LocalContainerEntityManagerFactoryBean - Initialized JPA EntityManagerFactory for persistence unit 'default'
2026-05-17 14:50:08.792 [Test worker] INFO  o.s.d.j.r.q.QueryEnhancerFactories - Hibernate is in classpath; If applicable, HQL parser will be used.
2026-05-17 14:50:10.829 [Test worker] WARN  o.s.b.j.a.JpaBaseConfiguration$JpaWebConfiguration - spring.jpa.open-in-view is enabled by default. Therefore, database queries may be performed during view rendering. Explicitly configure spring.jpa.open-in-view to disable this warning
2026-05-17 14:50:11.994 [Test worker] INFO  o.s.b.a.e.web.EndpointLinksResolver - Exposing 1 endpoint beneath base path '/actuator'
2026-05-17 14:50:12.162 [Test worker] INFO  o.s.g.server.NettyGrpcServerFactory - Registered gRPC service: ClientsService
2026-05-17 14:50:12.162 [Test worker] INFO  o.s.g.server.NettyGrpcServerFactory - Registered gRPC service: SecurityService
2026-05-17 14:50:12.162 [Test worker] INFO  o.s.g.server.NettyGrpcServerFactory - Registered gRPC service: WithdrawalRequestService
2026-05-17 14:50:12.162 [Test worker] INFO  o.s.g.server.NettyGrpcServerFactory - Registered gRPC service: grpc.reflection.v1.ServerReflection
2026-05-17 14:50:12.162 [Test worker] INFO  o.s.g.server.NettyGrpcServerFactory - Registered gRPC service: grpc.health.v1.Health
2026-05-17 14:50:12.347 [Test worker] INFO  o.s.g.s.l.GrpcServerLifecycle - gRPC Server started, listening on address: [/[0:0:0:0:0:0:0:0]:9090]
2026-05-17 14:50:13.104 [Test worker] INFO  o.s.t.c.s.AnnotationConfigContextLoaderUtils - Could not detect default configuration classes for test class [tgb.cryptoexchange.apiclients.service.integration.ClientRestControllerIT]: ClientRestControllerIT does not declare any static, non-private, non-final, nested classes annotated with @Configuration.
2026-05-17 14:50:13.118 [Test worker] INFO  o.s.b.t.c.SpringBootTestContextBootstrapper - Found @SpringBootConfiguration tgb.cryptoexchange.apiclients.ApiClientsApplication for test class tgb.cryptoexchange.apiclients.service.integration.ClientRestControllerIT
2026-05-17 14:50:13.118 [Test worker] INFO  o.s.t.c.s.AnnotationConfigContextLoaderUtils - Could not detect default configuration classes for test class [tgb.cryptoexchange.apiclients.service.integration.ClientRestControllerIT]: ClientRestControllerIT does not declare any static, non-private, non-final, nested classes annotated with @Configuration.
2026-05-17 14:50:13.118 [Test worker] INFO  o.s.t.c.s.AnnotationConfigContextLoaderUtils - Could not detect default configuration classes for test class [tgb.cryptoexchange.apiclients.service.integration.BaseIntegrationTest]: BaseIntegrationTest does not declare any static, non-private, non-final, nested classes annotated with @Configuration.
2026-05-17 14:50:13.128 [Test worker] INFO  o.s.b.t.c.SpringBootTestContextBootstrapper - Found @SpringBootConfiguration tgb.cryptoexchange.apiclients.ApiClientsApplication for test class tgb.cryptoexchange.apiclients.service.integration.ClientRestControllerIT
2026-05-17 14:50:13.140 [Test worker] INFO  o.s.g.s.l.GrpcServerLifecycle - Completed gRPC server shutdown
2026-05-17 14:50:13.495 [Test worker] INFO  o.s.d.r.c.RepositoryConfigurationDelegate - Bootstrapping Spring Data JPA repositories in DEFAULT mode.
2026-05-17 14:50:13.513 [Test worker] INFO  o.s.d.r.c.RepositoryConfigurationDelegate - Finished Spring Data repository scanning in 19 ms. Found 3 JPA repository interfaces.
2026-05-17 14:50:13.885 [Test worker] INFO  o.s.o.j.p.SpringPersistenceUnitInfo - No LoadTimeWeaver setup: ignoring JPA class transformer
2026-05-17 14:50:13.975 [Test worker] INFO  o.s.o.j.LocalContainerEntityManagerFactoryBean - Initialized JPA EntityManagerFactory for persistence unit 'default'
2026-05-17 14:50:14.447 [Test worker] WARN  o.s.b.j.a.JpaBaseConfiguration$JpaWebConfiguration - spring.jpa.open-in-view is enabled by default. Therefore, database queries may be performed during view rendering. Explicitly configure spring.jpa.open-in-view to disable this warning
2026-05-17 14:50:14.860 [Test worker] INFO  o.s.b.t.m.w.SpringBootMockServletContext - Initializing Spring TestDispatcherServlet ''
2026-05-17 14:50:14.860 [Test worker] INFO  o.s.t.w.s.TestDispatcherServlet - Initializing Servlet ''
2026-05-17 14:50:14.866 [Test worker] INFO  o.s.b.a.e.web.EndpointLinksResolver - Exposing 1 endpoint beneath base path '/actuator'
2026-05-17 14:50:14.874 [Test worker] INFO  o.s.t.w.s.TestDispatcherServlet - Completed initialization in 14 ms
2026-05-17 14:50:14.902 [Test worker] INFO  o.s.g.server.NettyGrpcServerFactory - Registered gRPC service: ClientsService
2026-05-17 14:50:14.902 [Test worker] INFO  o.s.g.server.NettyGrpcServerFactory - Registered gRPC service: SecurityService
2026-05-17 14:50:14.902 [Test worker] INFO  o.s.g.server.NettyGrpcServerFactory - Registered gRPC service: WithdrawalRequestService
2026-05-17 14:50:14.902 [Test worker] INFO  o.s.g.server.NettyGrpcServerFactory - Registered gRPC service: grpc.reflection.v1.ServerReflection
2026-05-17 14:50:14.902 [Test worker] INFO  o.s.g.server.NettyGrpcServerFactory - Registered gRPC service: grpc.health.v1.Health
2026-05-17 14:50:14.920 [Test worker] INFO  o.s.g.s.l.GrpcServerLifecycle - gRPC Server started, listening on address: [/[0:0:0:0:0:0:0:0]:9090]
2026-05-17 14:50:17.035 [Test worker] INFO  o.s.t.c.s.AnnotationConfigContextLoaderUtils - Could not detect default configuration classes for test class [tgb.cryptoexchange.apiclients.service.integration.ClientsServiceIT]: ClientsServiceIT does not declare any static, non-private, non-final, nested classes annotated with @Configuration.
2026-05-17 14:50:17.035 [Test worker] INFO  o.s.b.t.c.SpringBootTestContextBootstrapper - Found @SpringBootConfiguration tgb.cryptoexchange.apiclients.ApiClientsApplication for test class tgb.cryptoexchange.apiclients.service.integration.ClientsServiceIT
2026-05-17 14:50:17.039 [Test worker] INFO  o.s.t.c.s.AnnotationConfigContextLoaderUtils - Could not detect default configuration classes for test class [tgb.cryptoexchange.apiclients.service.integration.ClientsServiceIT]: ClientsServiceIT does not declare any static, non-private, non-final, nested classes annotated with @Configuration.
2026-05-17 14:50:17.039 [Test worker] INFO  o.s.t.c.s.AnnotationConfigContextLoaderUtils - Could not detect default configuration classes for test class [tgb.cryptoexchange.apiclients.service.integration.BaseIntegrationTest]: BaseIntegrationTest does not declare any static, non-private, non-final, nested classes annotated with @Configuration.
2026-05-17 14:50:17.039 [Test worker] INFO  o.s.b.t.c.SpringBootTestContextBootstrapper - Found @SpringBootConfiguration tgb.cryptoexchange.apiclients.ApiClientsApplication for test class tgb.cryptoexchange.apiclients.service.integration.ClientsServiceIT
2026-05-17 14:50:17.050 [Test worker] INFO  o.s.g.s.l.GrpcServerLifecycle - Completed gRPC server shutdown
2026-05-17 14:50:17.363 [Test worker] INFO  o.s.d.r.c.RepositoryConfigurationDelegate - Bootstrapping Spring Data JPA repositories in DEFAULT mode.
2026-05-17 14:50:17.379 [Test worker] INFO  o.s.d.r.c.RepositoryConfigurationDelegate - Finished Spring Data repository scanning in 15 ms. Found 3 JPA repository interfaces.
2026-05-17 14:50:17.637 [Test worker] INFO  o.s.o.j.p.SpringPersistenceUnitInfo - No LoadTimeWeaver setup: ignoring JPA class transformer
2026-05-17 14:50:17.698 [Test worker] INFO  o.s.o.j.LocalContainerEntityManagerFactoryBean - Initialized JPA EntityManagerFactory for persistence unit 'default'
2026-05-17 14:50:17.974 [Test worker] WARN  o.s.b.j.a.JpaBaseConfiguration$JpaWebConfiguration - spring.jpa.open-in-view is enabled by default. Therefore, database queries may be performed during view rendering. Explicitly configure spring.jpa.open-in-view to disable this warning
2026-05-17 14:50:18.278 [Test worker] INFO  o.s.b.a.e.web.EndpointLinksResolver - Exposing 1 endpoint beneath base path '/actuator'
2026-05-17 14:50:18.292 [Test worker] INFO  o.s.g.server.NettyGrpcServerFactory - Registered gRPC service: ClientsService
2026-05-17 14:50:18.292 [Test worker] INFO  o.s.g.server.NettyGrpcServerFactory - Registered gRPC service: SecurityService
2026-05-17 14:50:18.292 [Test worker] INFO  o.s.g.server.NettyGrpcServerFactory - Registered gRPC service: WithdrawalRequestService
2026-05-17 14:50:18.292 [Test worker] INFO  o.s.g.server.NettyGrpcServerFactory - Registered gRPC service: grpc.reflection.v1.ServerReflection
2026-05-17 14:50:18.299 [Test worker] INFO  o.s.g.server.NettyGrpcServerFactory - Registered gRPC service: grpc.health.v1.Health
2026-05-17 14:50:18.311 [Test worker] INFO  o.s.g.s.l.GrpcServerLifecycle - gRPC Server started, listening on address: [/[0:0:0:0:0:0:0:0]:9090]
2026-05-17 14:50:20.148 [Test worker] INFO  o.s.t.c.s.AnnotationConfigContextLoaderUtils - Could not detect default configuration classes for test class [tgb.cryptoexchange.apiclients.service.integration.SecurityServiceIT]: SecurityServiceIT does not declare any static, non-private, non-final, nested classes annotated with @Configuration.
2026-05-17 14:50:20.151 [Test worker] INFO  o.s.b.t.c.SpringBootTestContextBootstrapper - Found @SpringBootConfiguration tgb.cryptoexchange.apiclients.ApiClientsApplication for test class tgb.cryptoexchange.apiclients.service.integration.SecurityServiceIT
2026-05-17 14:50:20.152 [Test worker] INFO  o.s.t.c.s.AnnotationConfigContextLoaderUtils - Could not detect default configuration classes for test class [tgb.cryptoexchange.apiclients.service.integration.SecurityServiceIT]: SecurityServiceIT does not declare any static, non-private, non-final, nested classes annotated with @Configuration.
2026-05-17 14:50:20.153 [Test worker] INFO  o.s.t.c.s.AnnotationConfigContextLoaderUtils - Could not detect default configuration classes for test class [tgb.cryptoexchange.apiclients.service.integration.BaseIntegrationTest]: BaseIntegrationTest does not declare any static, non-private, non-final, nested classes annotated with @Configuration.
2026-05-17 14:50:20.154 [Test worker] INFO  o.s.b.t.c.SpringBootTestContextBootstrapper - Found @SpringBootConfiguration tgb.cryptoexchange.apiclients.ApiClientsApplication for test class tgb.cryptoexchange.apiclients.service.integration.SecurityServiceIT
2026-05-17 14:50:20.203 [Test worker] INFO  o.s.t.c.s.AnnotationConfigContextLoaderUtils - Could not detect default configuration classes for test class [tgb.cryptoexchange.apiclients.service.integration.WithdrawalIT]: WithdrawalIT does not declare any static, non-private, non-final, nested classes annotated with @Configuration.
2026-05-17 14:50:20.205 [Test worker] INFO  o.s.b.t.c.SpringBootTestContextBootstrapper - Found @SpringBootConfiguration tgb.cryptoexchange.apiclients.ApiClientsApplication for test class tgb.cryptoexchange.apiclients.service.integration.WithdrawalIT
2026-05-17 14:50:20.205 [Test worker] INFO  o.s.t.c.s.AnnotationConfigContextLoaderUtils - Could not detect default configuration classes for test class [tgb.cryptoexchange.apiclients.service.integration.WithdrawalIT]: WithdrawalIT does not declare any static, non-private, non-final, nested classes annotated with @Configuration.
2026-05-17 14:50:20.205 [Test worker] INFO  o.s.t.c.s.AnnotationConfigContextLoaderUtils - Could not detect default configuration classes for test class [tgb.cryptoexchange.apiclients.service.integration.BaseIntegrationTest]: BaseIntegrationTest does not declare any static, non-private, non-final, nested classes annotated with @Configuration.
2026-05-17 14:50:20.205 [Test worker] INFO  o.s.b.t.c.SpringBootTestContextBootstrapper - Found @SpringBootConfiguration tgb.cryptoexchange.apiclients.ApiClientsApplication for test class tgb.cryptoexchange.apiclients.service.integration.WithdrawalIT
2026-05-17 14:50:25.710 [SpringApplicationShutdownHook] INFO  o.s.o.j.LocalContainerEntityManagerFactoryBean - Closing JPA EntityManagerFactory for persistence unit 'default'
2026-05-17 14:50:25.747 [SpringApplicationShutdownHook] INFO  o.s.o.j.LocalContainerEntityManagerFactoryBean - Closing JPA EntityManagerFactory for persistence unit 'default'
2026-05-17 14:50:25.764 [SpringApplicationShutdownHook] INFO  o.s.g.s.l.GrpcServerLifecycle - Completed gRPC server shutdown
2026-05-17 14:50:25.793 [SpringApplicationShutdownHook] INFO  o.s.o.j.LocalContainerEntityManagerFactoryBean - Closing JPA EntityManagerFactory for persistence unit 'default'
2026-05-17 14:52:00.806 [Test worker] INFO  o.s.d.r.c.RepositoryConfigurationDelegate - Bootstrapping Spring Data JPA repositories in DEFAULT mode.
2026-05-17 14:52:01.001 [Test worker] INFO  o.s.d.r.c.RepositoryConfigurationDelegate - Finished Spring Data repository scanning in 181 ms. Found 3 JPA repository interfaces.
2026-05-17 14:52:04.498 [Test worker] INFO  o.s.o.j.p.SpringPersistenceUnitInfo - No LoadTimeWeaver setup: ignoring JPA class transformer
2026-05-17 14:52:06.363 [Test worker] INFO  o.s.o.j.LocalContainerEntityManagerFactoryBean - Initialized JPA EntityManagerFactory for persistence unit 'default'
2026-05-17 14:52:06.568 [Test worker] INFO  o.s.d.j.r.q.QueryEnhancerFactories - Hibernate is in classpath; If applicable, HQL parser will be used.
2026-05-17 14:52:09.346 [Test worker] WARN  o.s.b.j.a.JpaBaseConfiguration$JpaWebConfiguration - spring.jpa.open-in-view is enabled by default. Therefore, database queries may be performed during view rendering. Explicitly configure spring.jpa.open-in-view to disable this warning
2026-05-17 14:52:11.066 [Test worker] INFO  o.s.b.a.e.web.EndpointLinksResolver - Exposing 1 endpoint beneath base path '/actuator'
2026-05-17 14:52:11.286 [Test worker] INFO  o.s.g.server.NettyGrpcServerFactory - Registered gRPC service: ClientsService
2026-05-17 14:52:11.288 [Test worker] INFO  o.s.g.server.NettyGrpcServerFactory - Registered gRPC service: SecurityService
2026-05-17 14:52:11.288 [Test worker] INFO  o.s.g.server.NettyGrpcServerFactory - Registered gRPC service: WithdrawalRequestService
2026-05-17 14:52:11.288 [Test worker] INFO  o.s.g.server.NettyGrpcServerFactory - Registered gRPC service: grpc.reflection.v1.ServerReflection
2026-05-17 14:52:11.288 [Test worker] INFO  o.s.g.server.NettyGrpcServerFactory - Registered gRPC service: grpc.health.v1.Health
2026-05-17 14:52:11.576 [Test worker] INFO  o.s.g.s.l.GrpcServerLifecycle - gRPC Server started, listening on address: [/[0:0:0:0:0:0:0:0]:9090]
2026-05-17 14:52:12.477 [Test worker] INFO  o.s.t.c.s.AnnotationConfigContextLoaderUtils - Could not detect default configuration classes for test class [tgb.cryptoexchange.apiclients.service.integration.ClientRestControllerIT]: ClientRestControllerIT does not declare any static, non-private, non-final, nested classes annotated with @Configuration.
2026-05-17 14:52:12.500 [Test worker] INFO  o.s.b.t.c.SpringBootTestContextBootstrapper - Found @SpringBootConfiguration tgb.cryptoexchange.apiclients.ApiClientsApplication for test class tgb.cryptoexchange.apiclients.service.integration.ClientRestControllerIT
2026-05-17 14:52:12.502 [Test worker] INFO  o.s.t.c.s.AnnotationConfigContextLoaderUtils - Could not detect default configuration classes for test class [tgb.cryptoexchange.apiclients.service.integration.ClientRestControllerIT]: ClientRestControllerIT does not declare any static, non-private, non-final, nested classes annotated with @Configuration.
2026-05-17 14:52:12.504 [Test worker] INFO  o.s.t.c.s.AnnotationConfigContextLoaderUtils - Could not detect default configuration classes for test class [tgb.cryptoexchange.apiclients.service.integration.BaseIntegrationTest]: BaseIntegrationTest does not declare any static, non-private, non-final, nested classes annotated with @Configuration.
2026-05-17 14:52:12.508 [Test worker] INFO  o.s.b.t.c.SpringBootTestContextBootstrapper - Found @SpringBootConfiguration tgb.cryptoexchange.apiclients.ApiClientsApplication for test class tgb.cryptoexchange.apiclients.service.integration.ClientRestControllerIT
2026-05-17 14:52:12.525 [Test worker] INFO  o.s.g.s.l.GrpcServerLifecycle - Completed gRPC server shutdown
2026-05-17 14:52:12.979 [Test worker] INFO  o.s.d.r.c.RepositoryConfigurationDelegate - Bootstrapping Spring Data JPA repositories in DEFAULT mode.
2026-05-17 14:52:13.002 [Test worker] INFO  o.s.d.r.c.RepositoryConfigurationDelegate - Finished Spring Data repository scanning in 20 ms. Found 3 JPA repository interfaces.
2026-05-17 14:52:13.408 [Test worker] INFO  o.s.o.j.p.SpringPersistenceUnitInfo - No LoadTimeWeaver setup: ignoring JPA class transformer
2026-05-17 14:52:13.481 [Test worker] INFO  o.s.o.j.LocalContainerEntityManagerFactoryBean - Initialized JPA EntityManagerFactory for persistence unit 'default'
2026-05-17 14:52:13.820 [Test worker] WARN  o.s.b.j.a.JpaBaseConfiguration$JpaWebConfiguration - spring.jpa.open-in-view is enabled by default. Therefore, database queries may be performed during view rendering. Explicitly configure spring.jpa.open-in-view to disable this warning
2026-05-17 14:52:14.257 [Test worker] INFO  o.s.b.t.m.w.SpringBootMockServletContext - Initializing Spring TestDispatcherServlet ''
2026-05-17 14:52:14.257 [Test worker] INFO  o.s.t.w.s.TestDispatcherServlet - Initializing Servlet ''
2026-05-17 14:52:14.262 [Test worker] INFO  o.s.b.a.e.web.EndpointLinksResolver - Exposing 1 endpoint beneath base path '/actuator'
2026-05-17 14:52:14.267 [Test worker] INFO  o.s.t.w.s.TestDispatcherServlet - Completed initialization in 10 ms
2026-05-17 14:52:14.298 [Test worker] INFO  o.s.g.server.NettyGrpcServerFactory - Registered gRPC service: ClientsService
2026-05-17 14:52:14.298 [Test worker] INFO  o.s.g.server.NettyGrpcServerFactory - Registered gRPC service: SecurityService
2026-05-17 14:52:14.298 [Test worker] INFO  o.s.g.server.NettyGrpcServerFactory - Registered gRPC service: WithdrawalRequestService
2026-05-17 14:52:14.298 [Test worker] INFO  o.s.g.server.NettyGrpcServerFactory - Registered gRPC service: grpc.reflection.v1.ServerReflection
2026-05-17 14:52:14.298 [Test worker] INFO  o.s.g.server.NettyGrpcServerFactory - Registered gRPC service: grpc.health.v1.Health
2026-05-17 14:52:14.319 [Test worker] INFO  o.s.g.s.l.GrpcServerLifecycle - gRPC Server started, listening on address: [/[0:0:0:0:0:0:0:0]:9090]
2026-05-17 14:52:16.607 [Test worker] INFO  o.s.t.c.s.AnnotationConfigContextLoaderUtils - Could not detect default configuration classes for test class [tgb.cryptoexchange.apiclients.service.integration.ClientsServiceIT]: ClientsServiceIT does not declare any static, non-private, non-final, nested classes annotated with @Configuration.
2026-05-17 14:52:16.611 [Test worker] INFO  o.s.b.t.c.SpringBootTestContextBootstrapper - Found @SpringBootConfiguration tgb.cryptoexchange.apiclients.ApiClientsApplication for test class tgb.cryptoexchange.apiclients.service.integration.ClientsServiceIT
2026-05-17 14:52:16.611 [Test worker] INFO  o.s.t.c.s.AnnotationConfigContextLoaderUtils - Could not detect default configuration classes for test class [tgb.cryptoexchange.apiclients.service.integration.ClientsServiceIT]: ClientsServiceIT does not declare any static, non-private, non-final, nested classes annotated with @Configuration.
2026-05-17 14:52:16.611 [Test worker] INFO  o.s.t.c.s.AnnotationConfigContextLoaderUtils - Could not detect default configuration classes for test class [tgb.cryptoexchange.apiclients.service.integration.BaseIntegrationTest]: BaseIntegrationTest does not declare any static, non-private, non-final, nested classes annotated with @Configuration.
2026-05-17 14:52:16.615 [Test worker] INFO  o.s.b.t.c.SpringBootTestContextBootstrapper - Found @SpringBootConfiguration tgb.cryptoexchange.apiclients.ApiClientsApplication for test class tgb.cryptoexchange.apiclients.service.integration.ClientsServiceIT
2026-05-17 14:52:16.620 [Test worker] INFO  o.s.g.s.l.GrpcServerLifecycle - Completed gRPC server shutdown
2026-05-17 14:52:16.981 [Test worker] INFO  o.s.d.r.c.RepositoryConfigurationDelegate - Bootstrapping Spring Data JPA repositories in DEFAULT mode.
2026-05-17 14:52:17.002 [Test worker] INFO  o.s.d.r.c.RepositoryConfigurationDelegate - Finished Spring Data repository scanning in 18 ms. Found 3 JPA repository interfaces.
2026-05-17 14:52:17.355 [Test worker] INFO  o.s.o.j.p.SpringPersistenceUnitInfo - No LoadTimeWeaver setup: ignoring JPA class transformer
2026-05-17 14:52:17.428 [Test worker] INFO  o.s.o.j.LocalContainerEntityManagerFactoryBean - Initialized JPA EntityManagerFactory for persistence unit 'default'
2026-05-17 14:52:17.718 [Test worker] WARN  o.s.b.j.a.JpaBaseConfiguration$JpaWebConfiguration - spring.jpa.open-in-view is enabled by default. Therefore, database queries may be performed during view rendering. Explicitly configure spring.jpa.open-in-view to disable this warning
2026-05-17 14:52:18.076 [Test worker] INFO  o.s.b.a.e.web.EndpointLinksResolver - Exposing 1 endpoint beneath base path '/actuator'
2026-05-17 14:52:18.097 [Test worker] INFO  o.s.g.server.NettyGrpcServerFactory - Registered gRPC service: ClientsService
2026-05-17 14:52:18.099 [Test worker] INFO  o.s.g.server.NettyGrpcServerFactory - Registered gRPC service: SecurityService
2026-05-17 14:52:18.099 [Test worker] INFO  o.s.g.server.NettyGrpcServerFactory - Registered gRPC service: WithdrawalRequestService
2026-05-17 14:52:18.099 [Test worker] INFO  o.s.g.server.NettyGrpcServerFactory - Registered gRPC service: grpc.reflection.v1.ServerReflection
2026-05-17 14:52:18.099 [Test worker] INFO  o.s.g.server.NettyGrpcServerFactory - Registered gRPC service: grpc.health.v1.Health
2026-05-17 14:52:18.115 [Test worker] INFO  o.s.g.s.l.GrpcServerLifecycle - gRPC Server started, listening on address: [/[0:0:0:0:0:0:0:0]:9090]
2026-05-17 14:52:20.131 [Test worker] INFO  o.s.t.c.s.AnnotationConfigContextLoaderUtils - Could not detect default configuration classes for test class [tgb.cryptoexchange.apiclients.service.integration.SecurityServiceIT]: SecurityServiceIT does not declare any static, non-private, non-final, nested classes annotated with @Configuration.
2026-05-17 14:52:20.134 [Test worker] INFO  o.s.b.t.c.SpringBootTestContextBootstrapper - Found @SpringBootConfiguration tgb.cryptoexchange.apiclients.ApiClientsApplication for test class tgb.cryptoexchange.apiclients.service.integration.SecurityServiceIT
2026-05-17 14:52:20.135 [Test worker] INFO  o.s.t.c.s.AnnotationConfigContextLoaderUtils - Could not detect default configuration classes for test class [tgb.cryptoexchange.apiclients.service.integration.SecurityServiceIT]: SecurityServiceIT does not declare any static, non-private, non-final, nested classes annotated with @Configuration.
2026-05-17 14:52:20.136 [Test worker] INFO  o.s.t.c.s.AnnotationConfigContextLoaderUtils - Could not detect default configuration classes for test class [tgb.cryptoexchange.apiclients.service.integration.BaseIntegrationTest]: BaseIntegrationTest does not declare any static, non-private, non-final, nested classes annotated with @Configuration.
2026-05-17 14:52:20.138 [Test worker] INFO  o.s.b.t.c.SpringBootTestContextBootstrapper - Found @SpringBootConfiguration tgb.cryptoexchange.apiclients.ApiClientsApplication for test class tgb.cryptoexchange.apiclients.service.integration.SecurityServiceIT
2026-05-17 14:52:20.191 [Test worker] INFO  o.s.t.c.s.AnnotationConfigContextLoaderUtils - Could not detect default configuration classes for test class [tgb.cryptoexchange.apiclients.service.integration.WithdrawalIT]: WithdrawalIT does not declare any static, non-private, non-final, nested classes annotated with @Configuration.
2026-05-17 14:52:20.194 [Test worker] INFO  o.s.b.t.c.SpringBootTestContextBootstrapper - Found @SpringBootConfiguration tgb.cryptoexchange.apiclients.ApiClientsApplication for test class tgb.cryptoexchange.apiclients.service.integration.WithdrawalIT
2026-05-17 14:52:20.195 [Test worker] INFO  o.s.t.c.s.AnnotationConfigContextLoaderUtils - Could not detect default configuration classes for test class [tgb.cryptoexchange.apiclients.service.integration.WithdrawalIT]: WithdrawalIT does not declare any static, non-private, non-final, nested classes annotated with @Configuration.
2026-05-17 14:52:20.195 [Test worker] INFO  o.s.t.c.s.AnnotationConfigContextLoaderUtils - Could not detect default configuration classes for test class [tgb.cryptoexchange.apiclients.service.integration.BaseIntegrationTest]: BaseIntegrationTest does not declare any static, non-private, non-final, nested classes annotated with @Configuration.
2026-05-17 14:52:20.197 [Test worker] INFO  o.s.b.t.c.SpringBootTestContextBootstrapper - Found @SpringBootConfiguration tgb.cryptoexchange.apiclients.ApiClientsApplication for test class tgb.cryptoexchange.apiclients.service.integration.WithdrawalIT
2026-05-17 14:52:25.658 [SpringApplicationShutdownHook] INFO  o.s.o.j.LocalContainerEntityManagerFactoryBean - Closing JPA EntityManagerFactory for persistence unit 'default'
2026-05-17 14:52:25.734 [SpringApplicationShutdownHook] INFO  o.s.o.j.LocalContainerEntityManagerFactoryBean - Closing JPA EntityManagerFactory for persistence unit 'default'
2026-05-17 14:52:25.759 [SpringApplicationShutdownHook] INFO  o.s.g.s.l.GrpcServerLifecycle - Completed gRPC server shutdown
2026-05-17 14:52:25.781 [SpringApplicationShutdownHook] INFO  o.s.o.j.LocalContainerEntityManagerFactoryBean - Closing JPA EntityManagerFactory for persistence unit 'default'
2026-05-17 14:56:21.236 [Test worker] INFO  o.s.d.r.c.RepositoryConfigurationDelegate - Bootstrapping Spring Data JPA repositories in DEFAULT mode.
2026-05-17 14:56:21.407 [Test worker] INFO  o.s.d.r.c.RepositoryConfigurationDelegate - Finished Spring Data repository scanning in 159 ms. Found 3 JPA repository interfaces.
2026-05-17 14:56:24.247 [Test worker] INFO  o.s.o.j.p.SpringPersistenceUnitInfo - No LoadTimeWeaver setup: ignoring JPA class transformer
2026-05-17 14:56:25.323 [Test worker] INFO  o.s.o.j.LocalContainerEntityManagerFactoryBean - Initialized JPA EntityManagerFactory for persistence unit 'default'
2026-05-17 14:56:25.469 [Test worker] INFO  o.s.d.j.r.q.QueryEnhancerFactories - Hibernate is in classpath; If applicable, HQL parser will be used.
2026-05-17 14:56:27.452 [Test worker] WARN  o.s.b.j.a.JpaBaseConfiguration$JpaWebConfiguration - spring.jpa.open-in-view is enabled by default. Therefore, database queries may be performed during view rendering. Explicitly configure spring.jpa.open-in-view to disable this warning
2026-05-17 14:56:28.685 [Test worker] INFO  o.s.b.a.e.web.EndpointLinksResolver - Exposing 1 endpoint beneath base path '/actuator'
2026-05-17 14:56:28.879 [Test worker] INFO  o.s.g.server.NettyGrpcServerFactory - Registered gRPC service: ClientsService
2026-05-17 14:56:28.879 [Test worker] INFO  o.s.g.server.NettyGrpcServerFactory - Registered gRPC service: SecurityService
2026-05-17 14:56:28.879 [Test worker] INFO  o.s.g.server.NettyGrpcServerFactory - Registered gRPC service: WithdrawalRequestService
2026-05-17 14:56:28.879 [Test worker] INFO  o.s.g.server.NettyGrpcServerFactory - Registered gRPC service: grpc.reflection.v1.ServerReflection
2026-05-17 14:56:28.879 [Test worker] INFO  o.s.g.server.NettyGrpcServerFactory - Registered gRPC service: grpc.health.v1.Health
2026-05-17 14:56:29.066 [Test worker] INFO  o.s.g.s.l.GrpcServerLifecycle - gRPC Server started, listening on address: [/[0:0:0:0:0:0:0:0]:9090]
2026-05-17 14:56:29.700 [Test worker] INFO  o.s.t.c.s.AnnotationConfigContextLoaderUtils - Could not detect default configuration classes for test class [tgb.cryptoexchange.apiclients.service.integration.ClientRestControllerIT]: ClientRestControllerIT does not declare any static, non-private, non-final, nested classes annotated with @Configuration.
2026-05-17 14:56:29.715 [Test worker] INFO  o.s.b.t.c.SpringBootTestContextBootstrapper - Found @SpringBootConfiguration tgb.cryptoexchange.apiclients.ApiClientsApplication for test class tgb.cryptoexchange.apiclients.service.integration.ClientRestControllerIT
2026-05-17 14:56:29.717 [Test worker] INFO  o.s.t.c.s.AnnotationConfigContextLoaderUtils - Could not detect default configuration classes for test class [tgb.cryptoexchange.apiclients.service.integration.ClientRestControllerIT]: ClientRestControllerIT does not declare any static, non-private, non-final, nested classes annotated with @Configuration.
2026-05-17 14:56:29.719 [Test worker] INFO  o.s.t.c.s.AnnotationConfigContextLoaderUtils - Could not detect default configuration classes for test class [tgb.cryptoexchange.apiclients.service.integration.BaseIntegrationTest]: BaseIntegrationTest does not declare any static, non-private, non-final, nested classes annotated with @Configuration.
2026-05-17 14:56:29.722 [Test worker] INFO  o.s.b.t.c.SpringBootTestContextBootstrapper - Found @SpringBootConfiguration tgb.cryptoexchange.apiclients.ApiClientsApplication for test class tgb.cryptoexchange.apiclients.service.integration.ClientRestControllerIT
2026-05-17 14:56:29.731 [Test worker] INFO  o.s.g.s.l.GrpcServerLifecycle - Completed gRPC server shutdown
2026-05-17 14:56:30.049 [Test worker] INFO  o.s.d.r.c.RepositoryConfigurationDelegate - Bootstrapping Spring Data JPA repositories in DEFAULT mode.
2026-05-17 14:56:30.099 [Test worker] INFO  o.s.d.r.c.RepositoryConfigurationDelegate - Finished Spring Data repository scanning in 42 ms. Found 3 JPA repository interfaces.
2026-05-17 14:56:30.416 [Test worker] INFO  o.s.o.j.p.SpringPersistenceUnitInfo - No LoadTimeWeaver setup: ignoring JPA class transformer
2026-05-17 14:56:30.480 [Test worker] INFO  o.s.o.j.LocalContainerEntityManagerFactoryBean - Initialized JPA EntityManagerFactory for persistence unit 'default'
2026-05-17 14:56:30.743 [Test worker] WARN  o.s.b.j.a.JpaBaseConfiguration$JpaWebConfiguration - spring.jpa.open-in-view is enabled by default. Therefore, database queries may be performed during view rendering. Explicitly configure spring.jpa.open-in-view to disable this warning
2026-05-17 14:56:31.104 [Test worker] INFO  o.s.b.t.m.w.SpringBootMockServletContext - Initializing Spring TestDispatcherServlet ''
2026-05-17 14:56:31.104 [Test worker] INFO  o.s.t.w.s.TestDispatcherServlet - Initializing Servlet ''
2026-05-17 14:56:31.108 [Test worker] INFO  o.s.b.a.e.web.EndpointLinksResolver - Exposing 1 endpoint beneath base path '/actuator'
2026-05-17 14:56:31.113 [Test worker] INFO  o.s.t.w.s.TestDispatcherServlet - Completed initialization in 9 ms
2026-05-17 14:56:31.136 [Test worker] INFO  o.s.g.server.NettyGrpcServerFactory - Registered gRPC service: ClientsService
2026-05-17 14:56:31.136 [Test worker] INFO  o.s.g.server.NettyGrpcServerFactory - Registered gRPC service: SecurityService
2026-05-17 14:56:31.136 [Test worker] INFO  o.s.g.server.NettyGrpcServerFactory - Registered gRPC service: WithdrawalRequestService
2026-05-17 14:56:31.136 [Test worker] INFO  o.s.g.server.NettyGrpcServerFactory - Registered gRPC service: grpc.reflection.v1.ServerReflection
2026-05-17 14:56:31.136 [Test worker] INFO  o.s.g.server.NettyGrpcServerFactory - Registered gRPC service: grpc.health.v1.Health
2026-05-17 14:56:31.152 [Test worker] INFO  o.s.g.s.l.GrpcServerLifecycle - gRPC Server started, listening on address: [/[0:0:0:0:0:0:0:0]:9090]
2026-05-17 14:56:32.858 [Test worker] INFO  o.s.t.c.s.AnnotationConfigContextLoaderUtils - Could not detect default configuration classes for test class [tgb.cryptoexchange.apiclients.service.integration.ClientsServiceIT]: ClientsServiceIT does not declare any static, non-private, non-final, nested classes annotated with @Configuration.
2026-05-17 14:56:32.862 [Test worker] INFO  o.s.b.t.c.SpringBootTestContextBootstrapper - Found @SpringBootConfiguration tgb.cryptoexchange.apiclients.ApiClientsApplication for test class tgb.cryptoexchange.apiclients.service.integration.ClientsServiceIT
2026-05-17 14:56:32.864 [Test worker] INFO  o.s.t.c.s.AnnotationConfigContextLoaderUtils - Could not detect default configuration classes for test class [tgb.cryptoexchange.apiclients.service.integration.ClientsServiceIT]: ClientsServiceIT does not declare any static, non-private, non-final, nested classes annotated with @Configuration.
2026-05-17 14:56:32.864 [Test worker] INFO  o.s.t.c.s.AnnotationConfigContextLoaderUtils - Could not detect default configuration classes for test class [tgb.cryptoexchange.apiclients.service.integration.BaseIntegrationTest]: BaseIntegrationTest does not declare any static, non-private, non-final, nested classes annotated with @Configuration.
2026-05-17 14:56:32.864 [Test worker] INFO  o.s.b.t.c.SpringBootTestContextBootstrapper - Found @SpringBootConfiguration tgb.cryptoexchange.apiclients.ApiClientsApplication for test class tgb.cryptoexchange.apiclients.service.integration.ClientsServiceIT
2026-05-17 14:56:32.864 [Test worker] INFO  o.s.g.s.l.GrpcServerLifecycle - Completed gRPC server shutdown
2026-05-17 14:56:33.153 [Test worker] INFO  o.s.d.r.c.RepositoryConfigurationDelegate - Bootstrapping Spring Data JPA repositories in DEFAULT mode.
2026-05-17 14:56:33.166 [Test worker] INFO  o.s.d.r.c.RepositoryConfigurationDelegate - Finished Spring Data repository scanning in 13 ms. Found 3 JPA repository interfaces.
2026-05-17 14:56:33.437 [Test worker] INFO  o.s.o.j.p.SpringPersistenceUnitInfo - No LoadTimeWeaver setup: ignoring JPA class transformer
2026-05-17 14:56:33.492 [Test worker] INFO  o.s.o.j.LocalContainerEntityManagerFactoryBean - Initialized JPA EntityManagerFactory for persistence unit 'default'
2026-05-17 14:56:33.735 [Test worker] WARN  o.s.b.j.a.JpaBaseConfiguration$JpaWebConfiguration - spring.jpa.open-in-view is enabled by default. Therefore, database queries may be performed during view rendering. Explicitly configure spring.jpa.open-in-view to disable this warning
2026-05-17 14:56:33.984 [Test worker] INFO  o.s.b.a.e.web.EndpointLinksResolver - Exposing 1 endpoint beneath base path '/actuator'
2026-05-17 14:56:34.008 [Test worker] INFO  o.s.g.server.NettyGrpcServerFactory - Registered gRPC service: ClientsService
2026-05-17 14:56:34.008 [Test worker] INFO  o.s.g.server.NettyGrpcServerFactory - Registered gRPC service: SecurityService
2026-05-17 14:56:34.008 [Test worker] INFO  o.s.g.server.NettyGrpcServerFactory - Registered gRPC service: WithdrawalRequestService
2026-05-17 14:56:34.008 [Test worker] INFO  o.s.g.server.NettyGrpcServerFactory - Registered gRPC service: grpc.reflection.v1.ServerReflection
2026-05-17 14:56:34.008 [Test worker] INFO  o.s.g.server.NettyGrpcServerFactory - Registered gRPC service: grpc.health.v1.Health
2026-05-17 14:56:34.025 [Test worker] INFO  o.s.g.s.l.GrpcServerLifecycle - gRPC Server started, listening on address: [/[0:0:0:0:0:0:0:0]:9090]
2026-05-17 14:56:35.476 [Test worker] INFO  o.s.t.c.s.AnnotationConfigContextLoaderUtils - Could not detect default configuration classes for test class [tgb.cryptoexchange.apiclients.service.integration.SecurityServiceIT]: SecurityServiceIT does not declare any static, non-private, non-final, nested classes annotated with @Configuration.
2026-05-17 14:56:35.478 [Test worker] INFO  o.s.b.t.c.SpringBootTestContextBootstrapper - Found @SpringBootConfiguration tgb.cryptoexchange.apiclients.ApiClientsApplication for test class tgb.cryptoexchange.apiclients.service.integration.SecurityServiceIT
2026-05-17 14:56:35.478 [Test worker] INFO  o.s.t.c.s.AnnotationConfigContextLoaderUtils - Could not detect default configuration classes for test class [tgb.cryptoexchange.apiclients.service.integration.SecurityServiceIT]: SecurityServiceIT does not declare any static, non-private, non-final, nested classes annotated with @Configuration.
2026-05-17 14:56:35.478 [Test worker] INFO  o.s.t.c.s.AnnotationConfigContextLoaderUtils - Could not detect default configuration classes for test class [tgb.cryptoexchange.apiclients.service.integration.BaseIntegrationTest]: BaseIntegrationTest does not declare any static, non-private, non-final, nested classes annotated with @Configuration.
2026-05-17 14:56:35.481 [Test worker] INFO  o.s.b.t.c.SpringBootTestContextBootstrapper - Found @SpringBootConfiguration tgb.cryptoexchange.apiclients.ApiClientsApplication for test class tgb.cryptoexchange.apiclients.service.integration.SecurityServiceIT
2026-05-17 14:56:35.527 [Test worker] INFO  o.s.t.c.s.AnnotationConfigContextLoaderUtils - Could not detect default configuration classes for test class [tgb.cryptoexchange.apiclients.service.integration.WithdrawalIT]: WithdrawalIT does not declare any static, non-private, non-final, nested classes annotated with @Configuration.
2026-05-17 14:56:35.529 [Test worker] INFO  o.s.b.t.c.SpringBootTestContextBootstrapper - Found @SpringBootConfiguration tgb.cryptoexchange.apiclients.ApiClientsApplication for test class tgb.cryptoexchange.apiclients.service.integration.WithdrawalIT
2026-05-17 14:56:35.530 [Test worker] INFO  o.s.t.c.s.AnnotationConfigContextLoaderUtils - Could not detect default configuration classes for test class [tgb.cryptoexchange.apiclients.service.integration.WithdrawalIT]: WithdrawalIT does not declare any static, non-private, non-final, nested classes annotated with @Configuration.
2026-05-17 14:56:35.530 [Test worker] INFO  o.s.t.c.s.AnnotationConfigContextLoaderUtils - Could not detect default configuration classes for test class [tgb.cryptoexchange.apiclients.service.integration.BaseIntegrationTest]: BaseIntegrationTest does not declare any static, non-private, non-final, nested classes annotated with @Configuration.
2026-05-17 14:56:35.532 [Test worker] INFO  o.s.b.t.c.SpringBootTestContextBootstrapper - Found @SpringBootConfiguration tgb.cryptoexchange.apiclients.ApiClientsApplication for test class tgb.cryptoexchange.apiclients.service.integration.WithdrawalIT
2026-05-17 14:56:40.131 [SpringApplicationShutdownHook] INFO  o.s.o.j.LocalContainerEntityManagerFactoryBean - Closing JPA EntityManagerFactory for persistence unit 'default'
2026-05-17 14:56:40.164 [SpringApplicationShutdownHook] INFO  o.s.o.j.LocalContainerEntityManagerFactoryBean - Closing JPA EntityManagerFactory for persistence unit 'default'
2026-05-17 14:56:40.180 [SpringApplicationShutdownHook] INFO  o.s.g.s.l.GrpcServerLifecycle - Completed gRPC server shutdown
2026-05-17 14:56:40.208 [SpringApplicationShutdownHook] INFO  o.s.o.j.LocalContainerEntityManagerFactoryBean - Closing JPA EntityManagerFactory for persistence unit 'default'
